country,1980,1981,1982,1983,1984,1985,1986,1987,1988,1989,1990,1991,1992,1993,1994,1995,1996,1997,1998,1999,2000,2001,2002,2003,2004,2005,2006,2007,2008,2009,2010,2011,2012,2013,2014,2015,2016
Afghanistan,0.0275323668,0.0300271196,0.0319028469,0.0383597992,0.0385399495,0.0383360639,0.0397743992,0.0632535514,0.111760517,0.108905077,0.108776771,0.0473221075,0.0312247935,0.0309510365,0.0299079095,0.0260389625,0.0246123789,0.0237169905,0.0226788105,0.0226458746,0.0198322117,0.0163419469,0.0152318022,0.018818609,0.0178270979,0.0227342514,0.0280641696,0.0350382787,0.0581461752,0.096181993,0.11938371,0.160654318,0.147714237,0.123743791,0.113764752,0.125947426,0.13716179
Albania,0.162006203,0.161111796,0.163452164,0.167262148,0.169799657,0.169093007,0.166582804,0.166435467,0.169201171,0.16141803,0.11519273,0.0958720033,0.0841955526,0.073201611,0.0699599759,0.0779543844,0.0846979755,0.0785151014,0.0847252169,0.0772071998,0.0980195171,0.0936065985,0.101638329,0.114120632,0.121429611,0.120507246,0.111925114,0.0979326461,0.10642438,0.115987938,0.128290933,0.106119661,0.105394281,0.12833692,0.11639143,0.116566021,0.123830648
Algeria,0.785435786,0.667751229,0.976265482,1.074399584,1.148359305,1.050719371,1.073800371,1.14933362,1.223927158,1.179857321,1.212615108,1.354111973,1.303266737,1.197692449,1.235214049,1.289116384,1.257701479,1.204442667,1.250090841,1.246501921,1.270023807,1.275945001,1.318907588,1.329435813,1.302261792,1.498570765,1.572292615,1.558859587,1.686018342,1.783483519,1.794157563,1.939508361,2.11305401,2.039024774,2.294537986,2.33834847,2.355316377
American Samoa,0.006,0.007,0.01,0.006,0.007,0.007,0.006716584,0.00697300887,0.00677881425,0.00780619127,0.00842107654,0.00842107654,0.0088910374,0.00843239154,0.00800716654,0.00779097077,0.0078116067,0.00800716654,0.00800716654,0.008007187,0.00783710312,0.00783710312,0.00796731161,0.00796731161,0.00796731161,0.0089269627,0.0086069555,0.0086069555,0.0086305362,0.0086069555,0.0086069555,0.0049115089,0.00492496563,0.0049115089,0.0049115089,0.0049115089,0.00498638769
Angola,0.0577704417,0.0579672914,0.0622124028,0.0654400109,0.059392,0.0724902,0.072812152,0.074394417,0.0771766576,0.075008753,0.0797486323,0.083420484,0.0847319409,0.0831640926,0.081063735,0.0868010466,0.0837520008,0.0939884607,0.0853587058,0.0936475556,0.111223229,0.12004112,0.127710989,0.141897632,0.157084259,0.133746805,0.169384488,0.193559427,0.227171969,0.25855403,0.279244663,0.294645721,0.328756792,0.347379502,0.372059583,0.383570718,0.360949782
Antarctica,0.002,0.002,0.002,0.002,0.003,0.003,0.0027639625,0.0027639625,0.00298473,0.0027639625,0.002976575,0.002976575,0.00298473,0.002976575,0.002976575,0.003378375,0.00339585,0.003378375,0.003378375,0.003378375,0.003344357,0.003518175,0.003518175,0.003518175,0.003605084,0.003625082,0.003624922,0.003711761,0.000316526102,0.000420878037,0.000420862037,0.000420702037,0.000387639869,0.000386608537,0.000386593037,0.000391157037,0.000415339744
Antigua and Barbuda,0.006,0.005,0.007,0.004,0.005,0.005,0.00462439407,0.0057559174,0.00577131119,0.0057559174,0.0059685299,0.0059476519,0.00596357099,0.0059476519,0.00673443879,0.0067884294,0.00680665199,0.0069953844,0.0069953844,0.0069954036,0.00757860426,0.00757860426,0.00781466794,0.00842754996,0.00851916111,0.00864945013,0.00891456384,0.00968479614,0.00955692508,0.0100260103,0.00967962616,0.00964949929,0.00991665398,0.00991665398,0.0102846048,0.0107203528,0.0108941898
Argentina,1.645385335,1.602393746,1.680638888,1.70204673,1.841857974,1.751492931,1.904688989,1.952975732,1.965886439,1.942857044,1.884408753,1.972029549,2.046859718,2.211118116,2.2375658,2.306502209,2.391515259,2.457241286,2.568074566,2.557803744,2.765446935,2.714656564,2.553975302,2.769136902,2.976640601,3.128964796,3.326176996,3.38582107,3.517413329,3.433714746,3.57310424,3.652854525,3.718580301,3.772710673,3.787929171,3.816773288,3.693696135
Armenia,--,--,--,--,--,--,--,--,--,--,--,--,0.195854668,0.149475119,0.134903351,0.132223625,0.167870829,0.14227253,0.150657367,0.0926300413,0.100544563,0.0981870716,0.0948478977,0.103363108,0.108257302,0.124341223,0.124130526,0.139936707,0.135689802,0.120790152,0.13464519,0.141017576,0.149094907,0.146793588,0.149895081,0.136669984,0.138131107
Aruba,--,--,--,--,--,--,0.001907736,0.001907736,0.00557015254,0.007808999,0.0078206752,0.00853130626,0.0097420272,0.009521171,0.0108931738,0.0118234399,0.00779257774,0.0126023499,0.0126023499,0.012602367,0.0151453819,0.0155959118,0.01624324,0.0179529783,0.0187219944,0.020435936,0.0203589003,0.0207944613,0.0195341507,0.0196570355,0.0185284439,0.0149856584,0.0181595824,0.017833915,0.0182941956,0.0182182544,0.0184263244
Australia,2.767019466,2.907385791,3.071848467,2.984850875,3.06692727,3.149834646,3.290511978,3.464830631,3.376573572,3.720244163,3.853006327,3.769593363,3.847840303,3.889210013,3.945053377,4.150782606,4.276546948,4.335450861,4.526612022,4.599941641,4.642247293,4.844912413,4.945131132,4.941750233,5.061144842,5.19017986,5.309193611,5.520582862,5.450711355,5.584535488,5.264381969,5.690469991,5.725893525,5.726781001,5.744000172,5.805566824,5.988489399
Austria,1.115915271,1.104724946,1.055984381,1.061951863,1.09173607,1.116115442,1.097249261,1.047842524,1.131018371,1.145876994,1.17961926,1.242105712,1.217060719,1.238771204,1.232507506,1.289360904,1.35260853,1.352056571,1.375652101,1.390281088,1.379213864,1.44524567,1.446378513,1.470102342,1.528894385,1.587368385,1.567932309,1.545721297,1.546637172,1.47259005,1.514553971,1.443060291,1.487581485,1.491811906,1.446926686,1.446341856,1.477954401
Azerbaijan,--,--,--,--,--,--,--,--,--,--,--,--,0.992519683,0.843913239,0.758993512,0.727964738,0.643095709,0.637950656,0.546682554,0.563641815,0.507594795,0.44619344,0.532377048,0.567715116,0.626104156,0.648467557,0.657035981,0.541695789,0.579043918,0.544010694,0.587321993,0.555522154,0.603245046,0.567599135,0.585457175,0.62646379,0.608790576
"Bahamas, The",0.06,0.063,0.054,0.041,0.037,0.033,0.032874443,0.036388625,0.0336895351,0.0385250064,0.0409864449,0.036709022,0.0307579096,0.0329561469,0.036161741,0.043238988,0.04861029,0.047757796,0.0538043945,0.047648953,0.05634806,0.057501026,0.059754686,0.04194969,0.045970253,0.044403432,0.05167975,0.05924776,0.057775414,0.04386956,0.045505092,0.039950406,0.0463512924,0.042954567,0.042354278,0.04064458,0.0426146865
Bahrain,0.1377,0.15764,0.16822,0.17758,0.171502,0.204708,0.220987772,0.265819139,0.228953512,0.234220486,0.256230168,0.28679094,0.24059811,0.287332136,0.283188325,0.283594943,0.284571672,0.33493822,0.351590348,0.360730678,0.381740311,0.395185594,0.421559964,0.44044414,0.456248106,0.511836403,0.546222563,0.560664475,0.587814735,0.582106538,0.587808014,0.581575083,0.625182573,0.695772386,0.679123507,0.696202198,0.69337783
Bangladesh,0.122841068,0.134596599,0.143682645,0.1367462,0.167876725,0.172956757,0.187402956,0.201606662,0.226100773,0.2456356,0.23886781,0.256659405,0.286654013,0.318039151,0.348262645,0.382707211,0.390357444,0.403542165,0.417071758,0.463486367,0.502977979,0.553376171,0.579817157,0.637516685,0.659433568,0.700505256,0.749207133,0.790251828,0.8534186,0.9028262,0.954177745,0.999259856,1.086119093,1.112481644,1.163838641,1.266580119,1.373454067
Barbados,0.0148376,0.0158376,0.0158376,0.0168376,0.0158376,0.0178376,0.01831779,0.017579752,0.0175613446,0.0177197985,0.0187722378,0.0189815451,0.0201023685,0.0195408423,0.0185323071,0.0194671507,0.0172690229,0.0207904496,0.0212339715,0.0222152231,0.0245339835,0.0237811599,0.0239412086,0.0243930191,0.0247536817,0.0251308476,0.0252424017,0.0239816196,0.0283971015,0.0262092499,0.0252978276,0.0267795695,0.0256046162,0.0263659845,0.0227395643,0.023505191,0.0255193541
Belarus,--,--,--,--,--,--,--,--,--,--,--,--,1.530895911,1.303183424,1.072056557,1.00882382,1.009477323,0.995288097,0.975920461,1.003806605,1.093173296,1.014331649,0.982912097,1.027312271,0.960695244,1.080847016,1.15444391,1.119209193,1.133309313,1.054925696,1.121974715,1.161305585,1.171888032,1.119946627,1.121458188,0.96006566,0.945313305
Belgium,2.134897839,2.009050161,1.880422114,1.843881657,1.884421741,1.956259028,2.033849596,2.098248702,2.15079323,2.165547884,2.216626002,2.299684962,2.303344335,2.269170587,2.420272105,2.450367865,2.592079004,2.608649922,2.674279746,2.645192119,2.703257184,2.68585878,2.686602721,2.778417942,2.810225913,2.791035121,2.782606526,2.8080758,2.879473089,2.633440391,2.830047712,2.646151176,2.576453572,2.649931899,2.480995818,2.536847512,2.682610218
Belize,0.00341552013,0.0034181201,0.00341816019,0.00342080073,0.0034176,0.00341788,0.00383066632,0.0033341181,0.00275454914,0.00401704847,0.00536468483,0.00566325213,0.0048744207,0.00485171705,0.00442677205,0.00510695605,0.00473022057,0.0079790517,0.00775953064,0.00724834288,0.00858097111,0.00974471046,0.0090884131,0.00902725982,0.00818288436,0.00932251613,0.00998609017,0.00979093224,0.0094822799,0.0095602902,0.0104223643,0.00933913682,0.00936005308,0.0110675541,0.0106055231,0.0117618285,0.0111953106
Benin,0.006399204,0.006464032,0.004566392,0.006620984,0.00654592,0.007569804,0.00743912989,0.0063081026,0.00715614974,0.00755400192,0.008803345,0.0097004636,0.0108463688,0.012096536,0.013242452,0.014265035,0.0157742744,0.0162858616,0.0179290469,0.0085420962,0.0235645417,0.0268653602,0.0305791149,0.0351342392,0.0378042213,0.0351665412,0.0478935333,0.0562571028,0.0575406962,0.0646305183,0.0740376881,0.0690233996,0.0657273593,0.0663603123,0.0713369235,0.0781961477,0.0784143456
Bermuda,0.008,0.007,0.007,0.008,0.008,0.007,0.00689895778,0.00994715454,0.0108560623,0.0132368265,0.00962113492,0.008314113,0.00674568941,0.00780994654,0.00727230154,0.00763872942,0.0075521882,0.00753197721,0.00753197721,0.007531992,0.0084635606,0.00869895832,0.00878665823,0.00876668643,0.00915502612,0.00955881446,0.0107958714,0.0125390865,0.011995108,0.00987685416,0.0112264039,0.00736441998,0.00776743773,0.00780224065,0.0102092317,0.00899445028,0.0108150295
Bhutan,0.000190904454,0.000782497369,0.00101870479,0.000934341841,0.000830529827,0.00107687507,0.00314449755,0.0101948587,0.0126868676,0.012801484,0.0130310254,0.0132401594,0.0134539195,0.0130413387,0.0141392349,0.0146181603,0.0163679541,0.0166224166,0.0160951585,0.0161297277,0.0168343895,0.0189375624,0.0212516788,0.0224044917,0.0207487988,0.0245299051,0.0371752109,0.0499545039,0.054063611,0.0537772961,0.0582204892,0.0571809174,0.0552217925,0.0614763261,0.0581672029,0.0613860323,0.0615805606
Bolivia,0.0747134477,0.0833844371,0.0737118516,0.0756132178,0.072694836,0.067365625,0.068171893,0.066944034,0.0766356084,0.087079098,0.092263368,0.090834149,0.0977192925,0.0968981077,0.107737887,0.123974502,0.12109534,0.136569217,0.126482128,0.141683499,0.148924987,0.127178854,0.138885082,0.186767144,0.19322794,0.18923993,0.208667946,0.224217803,0.229881913,0.227364696,0.230913828,0.238418424,0.282140134,0.287536378,0.289200672,0.280958534,0.31236267
Bosnia and Herzegovina,--,--,--,--,--,--,--,--,--,--,--,--,0.148281638,0.107796479,0.113077265,0.187595339,0.116121079,0.166399335,0.196594823,0.199449701,0.219215104,0.21879513,0.220056637,0.192492126,0.198513009,0.184263673,0.187554088,0.179809348,0.202646325,0.243026858,0.266908299,0.268111206,0.248153981,0.254325982,0.251975662,0.251945557,0.255110314
Botswana,0.0146799789,0.015899107,0.0146171432,0.0144871959,0.0143232248,0.019599301,0.0205234632,0.0210537838,0.0242994714,0.027480991,0.0303414799,0.0317135359,0.0385293358,0.0377863248,0.0379582464,0.0377770354,0.0365996224,0.0366750497,0.0392232719,0.0373557185,0.0487210883,0.0520714404,0.0541592117,0.0551585015,0.0542621758,0.0579676855,0.0586084013,0.0606890207,0.0633032992,0.0592439789,0.0554636037,0.0552542355,0.055140265,0.0654293047,0.0663157194,0.0763066851,0.0767999561
Brazil,4.01975613,3.889747694,3.937954798,3.941022243,4.304864081,4.602837144,4.973820218,5.121928586,5.29304658,5.466856806,6.169458408,6.095762212,6.213665734,6.445212454,6.760754004,7.184798125,7.640040848,8.032409672,8.292329531,8.475128172,8.714832296,8.499765112,8.661028122,8.802202197,9.195047013,9.479479831,9.723626773,10.33123081,10.80142916,10.68437352,11.71867241,12.16918874,12.44740789,12.82233983,13.14307394,12.86437129,12.4779307
Brunei,0.08184,0.085536,0.09298,0.073256,0.064832,0.076684,0.050989415,0.0818658832,0.0710834867,0.0828769747,0.0702530137,0.0560870403,0.0556035547,0.052174531,0.0500607506,0.0619154331,0.0576630228,0.0616663121,0.0557740182,0.0666120128,0.0671915651,0.0765724816,0.0891586567,0.0923138944,0.10267522,0.115570114,0.177669308,0.186514792,0.192123408,0.127168234,0.144752889,0.149380986,0.144522338,0.134840268,0.151167434,0.165151075,0.172661857
Bulgaria,1.349088975,1.340704656,1.385339574,1.405079861,1.404042593,1.462174182,1.44010762,1.434614371,1.436271102,1.327646217,1.199436579,0.932981899,0.926696841,0.903191004,0.909876439,0.995065165,1.002802524,0.918186467,0.850267822,0.768303898,0.773704244,0.788252659,0.799307965,0.803598592,0.808655489,0.843438647,0.859613601,0.838475369,0.840037694,0.719092717,0.735866247,0.793364885,0.756288587,0.706796163,0.75314167,0.789374631,0.755628021
Burkina Faso,0.006,0.006,0.006,0.006,0.006,0.006,0.00688621826,0.007382825,0.0075416929,0.00675901711,0.00686344752,0.00796184126,0.00807351074,0.00858013852,0.0104026845,0.0106292605,0.0107309775,0.0174111135,0.0152733145,0.015735749,0.0140759051,0.01652508,0.0168116552,0.0182376255,0.0163945725,0.0183959419,0.0180499123,0.0245186355,0.0268497494,0.0255607485,0.0275275037,0.0322630477,0.0374906762,0.0453099443,0.0423992389,0.0504599128,0.0504447753
Burma (Myanmar),0.0729607394,0.0745092391,0.0823004793,0.0948252996,0.102537848,0.107126085,0.0924896001,0.0892112574,0.0855329118,0.0886178836,0.0854115148,0.0850746153,0.0890367241,0.0946379104,0.110966291,0.117882528,0.118149364,0.126837236,0.13966171,0.151903801,0.17025921,0.159392275,0.179230059,0.207202939,0.211753209,0.272984462,0.259135401,0.277519623,0.255011583,0.235351081,0.23812617,0.262838796,0.310370267,0.351953269,0.413114773,0.463332607,0.511215203
Burundi,0.00115384401,0.00216079801,0.00114715201,0.00236479242,0.00252658,0.002623866,0.00288070709,0.00344870133,0.00418321245,0.00520251355,0.00568905302,0.00601552802,0.00515651028,0.00644345902,0.00695863202,0.00651611902,0.00702734428,0.00701459802,0.00630526402,0.0062062026,0.00517402052,0.004304379,0.00468238635,0.00417159403,0.00437046336,0.00416904363,0.00436125294,0.00693880312,0.00442729712,0.00438237847,0.00541058682,0.00554347541,0.00475542401,0.00601349914,0.00548254503,0.00518004471,0.00607999471
Cambodia,0.00450901216,0.00455400914,0.00557497025,0.00542080073,0.0063132,0.006365645,0.006188725,0.00623974,0.0071945864,0.007207074,0.00728867,0.007120344,0.00718221,0.007163761,0.007184876,0.021611971,0.0237652092,0.027258822,0.031590172,0.0325448235,0.0306756915,0.032456743,0.0323201424,0.0347337648,0.0360191396,0.0415578641,0.0442041803,0.0525046211,0.0529620913,0.0647308317,0.0751997934,0.0772179444,0.0866848493,0.0932810369,0.109991344,0.134405737,0.155628171
Cameroon,0.0470238044,0.0517108747,0.0602007214,0.0600715965,0.06098664,0.063975865,0.0696627175,0.066588711,0.0660241248,0.076902287,0.077290246,0.078275804,0.0784008676,0.069309154,0.074345885,0.076274488,0.0753822852,0.080120656,0.079936224,0.078457085,0.0815025318,0.081212171,0.0793251918,0.0853539123,0.0890923248,0.0854183853,0.104781695,0.104294152,0.10575933,0.113455561,0.128279763,0.134767573,0.130978866,0.117272212,0.149600236,0.157520273,0.149690874
Canada,9.535527207,9.411967872,9.025386143,8.990229458,9.509450568,9.871453697,9.992447095,10.30934598,10.7543873,10.87796054,10.76696547,10.87215896,11.21340774,11.47989692,11.8270778,11.99503947,12.34274063,12.36219575,12.06122063,12.7184332,12.78260221,12.84032497,13.02772798,13.36648579,13.59221105,13.74550851,13.8570154,13.88874283,13.58880458,13.31536251,13.81050242,14.15937366,14.31075147,14.72610123,14.80252386,14.72946903,14.67619333
Cape Verde,0.005,0.005,0.002,0.002,0.002,0.002,0.00131318145,0.00139434723,0.00192563375,0.0013465128,0.0013465128,0.0013465128,0.00177841375,0.0017923558,0.00162143647,0.00157714573,0.00177645332,0.00177218147,0.00177218147,0.0017722034,0.00458037256,0.00531721372,0.00557880782,0.00555506777,0.00619969379,0.00950064822,0.0102481975,0.0115746735,0.0118892886,0.010800055,0.011597074,0.0136043064,0.0121530249,0.0126144042,0.0134327911,0.0123414471,0.0123523112
Cayman Islands,0.001,0.002,0.002,0.002,0.002,0.002,0.00151951522,0.00160486299,0.00390829564,0.00389810028,0.00428679809,0.00420229956,0.00431963706,0.00394210154,0.00454774604,0.00487226762,0.00488561629,0.00487314646,0.00487314646,0.004873167,0.00721355046,0.00739309284,0.0079199612,0.00755640869,0.00728449516,0.00770513434,0.00791488552,0.0089128085,0.0093052523,0.00898611576,0.00853245161,0.00898282657,0.00859832688,0.00838473804,0.00866098951,0.00881317804,0.00915167191
Central African Republic,0.00268560822,0.00367944517,0.00371087231,0.00367328116,0.00372036,0.00362682,0.004775032,0.00417435788,0.00419471702,0.00418573888,0.00467155044,0.00408892344,0.00473713447,0.00451392644,0.00494900744,0.00495808554,0.00541933807,0.00540694744,0.00538522544,0.00538760336,0.00510192164,0.0054586122,0.0054454922,0.00492856774,0.00528672224,0.0055799103,0.00609031226,0.00624207056,0.00641557496,0.00639303096,0.00672766985,0.00730706604,0.00676497617,0.00673776386,0.00687529551,0.00691280717,0.00711884729
Chad,0.004,0.004,0.004,0.004,0.002,0.002,0.003905135,0.003937044,0.0022141879,0.00262110506,0.00484224527,0.004734707,0.0047476788,0.002556368,0.002981593,0.002981593,0.0029952412,0.0026977515,0.0026977515,0.0026977515,0.00352171462,0.00376033684,0.00367342784,0.00359657056,0.00394993094,0.00374006326,0.00379655411,0.00383131771,0.00385588181,0.00414630862,0.0048339912,0.00464730445,0.00466003679,0.00469944985,0.00469944985,0.00475895166,0.0048003118
Chile,0.426839404,0.421490866,0.376114172,0.372355767,0.3899804,0.388070072,0.394114217,0.408721159,0.449622458,0.503108853,0.567958145,0.567554049,0.630362251,0.670742038,0.720050393,0.788640856,0.844988431,0.934751286,0.925086907,0.970058546,0.983136383,1.018958533,1.069413765,1.105271428,1.184565012,1.244929328,1.268165692,1.259245014,1.280781539,1.253611868,1.259132937,1.336040905,1.321222794,1.372223201,1.346524394,1.395464628,1.479969112
China,15.85692613,15.80919817,16.60128739,17.7242263,19.30634977,20.15506152,24.96829593,26.33987641,28.14338354,28.20132014,31.05488713,28.57631298,29.93188847,32.27455385,34.70413035,37.43290322,39.20628389,37.2477997,38.30601832,40.17569186,42.93833611,45.47088092,48.86935742,56.97292046,66.43892555,74.57282036,82.43558574,88.79386846,92.9199923,100.4283721,109.3588297,120.8214434,129.4063003,135.0369326,136.8983406,137.183874,139.1977546
Colombia,0.682697047,0.697809558,0.744567592,0.747865633,0.825284652,0.847039452,0.885048403,0.838489463,0.896729749,0.950390518,0.935475356,0.961555475,0.955489151,1.056041082,1.104298675,1.118447865,1.191298777,1.208083132,1.217328697,1.167949752,1.197284882,1.192459642,1.200877891,1.200816212,1.252933238,1.242412836,1.305721305,1.298644938,1.3247671,1.325792573,1.357048425,1.518408362,1.557936209,1.622693467,1.700354489,1.700672997,1.767697578
Comoros,0.00124677601,0.00124290601,0.00124290801,0.00124304004,0.00126288,0.001074894,0.000709074023,0.00151725266,0.00151939545,0.00151727866,0.00179846525,0.00173524641,0.0017385517,0.00173499241,0.00173500641,0.00173379807,0.0017385477,0.00173480041,0.00111823741,0.00111833,0.00197119078,0.00154057614,0.00154057614,0.00197534874,0.00235863744,0.00218473444,0.00287885724,0.00157895113,0.00161072287,0.00200028134,0.00276034162,0.00227171331,0.00246269157,0.00266049062,0.00276795246,0.00256589764,0.00269482213
Congo (Brazzaville),0.0118898963,0.0143874343,0.0131641088,0.0120693682,0.01232788,0.017483344,0.0153271867,0.0186038973,0.0154545701,0.0173536043,0.019425433,0.0180319158,0.0169801528,0.015335712,0.01412502,0.014457264,0.0152252376,0.015566425,0.014557959,0.011563479,0.0133872113,0.0159533973,0.0144711115,0.0174447195,0.0185207628,0.0249642149,0.0292606914,0.0359417652,0.0405312739,0.0494316044,0.067958494,0.0805619705,0.0830526007,0.105105439,0.100220824,0.100258239,0.0956328861
Congo (Kinshasa),0.0913224905,0.0930546473,0.0938113058,0.0973224829,0.0955615298,0.0978928309,0.104019223,0.0986130326,0.108637738,0.112839234,0.107507547,0.100215667,0.110270927,0.105539567,0.092471474,0.101189055,0.103425072,0.0926735703,0.0870385733,0.0951176196,0.0732162834,0.0712808025,0.0743867516,0.0773381355,0.0876813182,0.0954183555,0.0999406744,0.103375018,0.0973482649,0.0954701024,0.106039362,0.114233762,0.112165057,0.135658706,0.161885273,0.125491278,0.126007595
Cook Islands,0.000834,0.001674,0.001646,0.00166,0.00166,0.001656,0.001253045,0.001253045,0.001256478,0.001253045,0.001253045,0.0008617577,0.0012575122,0.0012540759,0.0012540766,0.0012540762,0.001257512,0.0012540663,0.0012540647,0.0012540676,0.00167518862,0.00159734442,0.000864367264,0.000797737378,0.00135124505,0.0011670158,0.00130867335,0.00194784272,0.00199905985,0.00183998896,0.00118475092,0.00144981251,0.00159797187,0.00158886649,0.00174162884,0.00154748023,0.00151924394
Costa Rica,0.0557940309,0.0576342389,0.0553272749,0.0608538311,0.058596068,0.059517495,0.058308541,0.064340314,0.06959203,0.075975973,0.074260569,0.079719053,0.0939692864,0.101551022,0.103399861,0.105097919,0.105892147,0.119272088,0.122089689,0.140477948,0.14486056,0.147741507,0.154333683,0.157335642,0.162027059,0.16882998,0.175866374,0.185164734,0.188353545,0.182995375,0.186143361,0.1863904,0.18898224,0.189929682,0.194044054,0.201204092,0.208549951
Cote dIvoire (IvoryCoast),0.0739718644,0.0810418825,0.076095882,0.0742248594,0.06585236,0.077040768,0.07903509,0.086071396,0.0895802836,0.089768145,0.07733877,0.065053991,0.0634772272,0.071808453,0.073557723,0.080657589,0.094385978,0.095266559,0.096080777,0.124059508,0.12526549,0.124056069,0.121489635,0.108945168,0.117515152,0.130421805,0.111803622,0.119643245,0.130809715,0.127692235,0.129914387,0.12124294,0.14762554,0.163781871,0.172588614,0.178465718,0.193374929
Croatia,--,--,--,--,--,--,--,--,--,--,--,--,0.307894146,0.311136155,0.332410315,0.349032496,0.344256148,0.351997315,0.370878158,0.375628472,0.370053594,0.3832726,0.37462491,0.40828394,0.406296224,0.406747437,0.407849038,0.404214831,0.408034748,0.39693874,0.402157437,0.361868068,0.360546768,0.362776929,0.349568663,0.338580756,0.346333397
Cuba,0.456975909,0.464194076,0.502901205,0.460000574,0.475673217,0.485695518,0.498831262,0.491434818,0.498405889,0.505516338,0.498533726,0.463463052,0.4120693,0.403686187,0.409313729,0.415577823,0.427074722,0.470068678,0.447602407,0.388010666,0.375047225,0.344671411,0.350107699,0.354745578,0.359314155,0.352899718,0.34386525,0.347551169,0.398347954,0.400402572,0.456581113,0.410056083,0.446052485,0.427202501,0.434643289,0.444170434,0.379576934
Cyprus,0.042,0.036,0.039,0.043,0.0440555175,0.0465020826,0.0490834998,0.0529863248,0.0534212029,0.0654778762,0.0700894452,0.0716604782,0.0809126188,0.0807976748,0.0928625452,0.0908887306,0.0901554931,0.0922065779,0.0991324538,0.105020475,0.110446659,0.1112072,0.110194399,0.118293749,0.10681027,0.11801121,0.123047051,0.12596802,0.130250971,0.125496172,0.120560838,0.120644106,0.113247307,0.101910497,0.102898889,0.106534726,0.114832321
Czech Republic,--,--,--,--,--,--,--,--,--,--,--,--,--,1.713702037,1.645671714,1.686870873,1.765303186,1.737196422,1.659416246,1.556814112,1.669213704,1.704065771,1.705543531,1.812419197,1.853494948,1.834265099,1.843007684,1.832774494,1.816755597,1.73611039,1.79185922,1.774931222,1.767537407,1.708941431,1.685099135,1.676428246,1.657550802
Denmark,0.856632439,0.725449372,0.725709555,0.696187477,0.70669638,0.780914047,0.794936477,0.801142524,0.780042122,0.73671148,0.749322854,0.816606697,0.785575249,0.823267201,0.873045489,0.88181735,1.005682366,0.925893697,0.904882056,0.887924698,0.86610807,0.878110977,0.845517394,0.884453007,0.856724947,0.837298453,0.892458712,0.869181134,0.836759061,0.78535294,0.824691433,0.785382735,0.746841331,0.760820256,0.734230014,0.724687614,0.736335999
Djibouti,0.022,0.018,0.018,0.013,0.011,0.011,0.0097164095,0.0099281095,0.0097252056,0.022855789,0.023964623,0.023964623,0.0237767508,0.023923487,0.02457253,0.024686109,0.0248194956,0.02457253,0.02457253,0.02457253,0.0121153029,0.0120256867,0.0120959827,0.0129952447,0.0123111131,0.0119895151,0.0107417644,0.0113619932,0.0125031804,0.0108572373,0.0127288359,0.00967993927,0.0126437949,0.0127169303,0.0129386694,0.0131948708,0.0135607247
Dominica,0.00085949203,0.00112453003,0.00111408604,0.00117780027,0.00119104,0.001306258,0.00114220091,0.00153573791,0.00162778634,0.00162622593,0.00162574593,0.00162628993,0.00162807434,0.00162425793,0.00210582107,0.00163806374,0.00164528653,0.00164760021,0.00171865921,0.00177062244,0.00228553314,0.00165449267,0.0015169022,0.00177188506,0.002475876,0.0023434447,0.00233256291,0.00256966901,0.00280612522,0.00285024315,0.00308338594,0.00303722587,0.00292183935,0.00282022562,0.00304420206,0.00258627192,0.00279212904
Dominican Republic,0.0877106501,0.0862300013,0.0916872778,0.108078776,0.09367116,0.10126598,0.109377628,0.120265006,0.132413145,0.128675827,0.139129729,0.13413193,0.144021592,0.135026793,0.146654559,0.158174383,0.171954701,0.18178769,0.187010917,0.213222919,0.294430994,0.285523738,0.301947723,0.276943351,0.25816054,0.283506049,0.283323867,0.289768769,0.289517738,0.284995638,0.299976722,0.29459063,0.328750826,0.315167912,0.303070089,0.332722099,0.35597442
Ecuador,0.185965023,0.192418821,0.210504064,0.196810271,0.20842172,0.220691167,0.23704573,0.233835524,0.241565408,0.236785364,0.253261074,0.26642699,0.295640396,0.287074768,0.312066944,0.306103728,0.332164392,0.342094587,0.350482527,0.33616526,0.369256736,0.392540947,0.399814354,0.41371275,0.45042652,0.478083775,0.505255065,0.534466502,0.55850893,0.575398706,0.591271051,0.617361389,0.647103922,0.68125264,0.711173483,0.70406344,0.688940218
Egypt,0.706316583,0.819696948,0.916198145,1.049484737,1.149291437,1.212749621,1.240338085,1.29044741,1.303849927,1.344066669,1.421326683,1.423199227,1.426735854,1.513500124,1.592581541,1.630105117,1.769429405,1.828479343,1.894501805,1.936594908,1.994414767,2.225114358,2.224214728,2.421016891,2.6178935,2.733829708,2.900188017,3.077890097,3.192683381,3.344304033,3.47941815,3.603077143,3.764943626,3.725729238,3.711912268,3.73840231,3.81530152
El Salvador,0.0450286891,0.041108077,0.0413745557,0.0425485869,0.04487328,0.044662965,0.048043865,0.046417281,0.051355802,0.051963865,0.053845477,0.052659716,0.0603934076,0.0620585833,0.0682671163,0.0849418705,0.0863526805,0.086137436,0.0983974299,0.104100403,0.0998515642,0.104015998,0.106301997,0.114053081,0.113260752,0.117895559,0.124140471,0.129539791,0.127375687,0.122726526,0.126571165,0.127222042,0.127676272,0.124387903,0.126887304,0.133939294,0.138848548
Equatorial Guinea,0.00167277601,0.00166890601,0.00102090801,0.00102104004,0.00102088,0.001020894,0.001093946,0.00117505778,0.00118055747,0.00171494739,0.00171494739,0.00171494739,0.00171953974,0.00171494739,0.00171494739,0.00171484154,0.00171953974,0.00192755989,0.00336470298,0.0033648242,0.00551272831,0.00595456325,0.0535123197,0.0557624951,0.0123316252,0.0574102315,0.057847819,0.0659100739,0.0660274472,0.0686667996,0.0701974519,0.0711538763,0.069492978,0.0661833447,0.0625238498,0.0557505278,0.0544861741
Eritrea,--,--,--,--,--,--,--,--,--,--,--,--,--,--,0.013503745,0.015362306,0.015516753,0.0156767007,0.0166481433,0.017570875,0.00885877282,0.00970543727,0.00884862737,0.0106078202,0.0115532619,0.0115606163,0.00793832337,0.00832451736,0.00579993699,0.00705247654,0.00702867898,0.0072869879,0.00757432309,0.00772428006,0.00817508082,0.00886279752,0.006564942
Estonia,--,--,--,--,--,--,--,--,--,--,--,--,0.126981236,0.0992091987,0.0923442261,0.0815920658,0.0895812408,0.0974987696,0.114535813,0.0895539515,0.0860163163,0.0968248399,0.0799349516,0.0816045131,0.0888021118,0.0902493003,0.0951184698,0.0988398502,0.096204556,0.084741201,0.0818124731,0.0784777978,0.0964274168,0.0901605573,0.0856925135,0.0898456495,0.0881042382
Ethiopia,0.0299135256,0.0302474073,0.0340005987,0.0385539713,0.03813052,0.045803909,0.044681916,0.050064599,0.0495706508,0.052144254,0.053297863,0.046119903,0.0615270984,0.058964159,0.044462569,0.047135095,0.0400680776,0.040307114,0.0520244876,0.062156247,0.0651636801,0.071135258,0.0730807726,0.0795707534,0.0844491362,0.0976029803,0.106677767,0.118741986,0.124631208,0.12975093,0.143076524,0.161581159,0.178654723,0.20836257,0.237303618,0.251294497,0.268217954
Falkland Islands (Islas Malvinas),0.000344,0.000346,0.000346,0.000346,0.000348,0.00043,0.000341260677,0.000341260677,0.000593859837,0.00085045,0.000425225,0.000425225,0.00042639,0.000425225,0.000425225,0.00085045,0.000514047293,0.000938074747,0.000512849747,0.0005128832,0.00078767758,0.00087461298,0.00096223918,0.00104964483,0.00113727578,0.00113727153,0.00131231468,0.00131230418,0.00132904698,0.00132885898,0.00124491252,0.00121973984,0.00125427838,0.00125445338,0.00125423638,0.00128022828,0.00129981254
Faroe Islands,0.00650901216,0.000512197128,0.000512246227,0.000515480892,0.00051156,0.000511903,0.0077155564,0.008256458,0.00794665907,0.0094671326,0.0101117716,0.00957628408,0.00963435397,0.00930325261,0.00975150109,0.0100650603,0.0101124563,0.0101091954,0.0101230742,0.0100534078,0.0111425037,0.012348483,0.0116447252,0.011647583,0.0121657516,0.0116072922,0.0113253711,0.0122757545,0.011561771,0.0109580062,0.0110106112,0.0107989436,0.0102330232,0.011112802,0.0112690228,0.0115305648,0.0114782865
Fiji,0.015,0.015,0.015,0.0125154809,0.0139754,0.014040077,0.016946851,0.014938705,0.015063246,0.016982467,0.018171958,0.0155268342,0.0164717524,0.017121186,0.017915589,0.019478882,0.0194204368,0.0193328963,0.0193737073,0.0204279217,0.0253427786,0.0261892866,0.0224068298,0.024267258,0.0330664387,0.0276565514,0.0310217597,0.0295586604,0.0200084733,0.0198439955,0.0187093362,0.0343656129,0.021316686,0.0259495058,0.030377467,0.037495548,0.0377913723
Finland,0.976003338,0.939089747,0.916705318,0.911712788,0.955526422,0.96891048,0.996652455,1.075678282,1.072020101,1.081966241,1.132533806,1.145155366,1.150811383,1.14081553,1.195302959,1.140125482,1.156995564,1.177728758,1.232370046,1.222475146,1.23650493,1.25295144,1.262611107,1.318684977,1.345418063,1.265333419,1.336551687,1.341859327,1.310871276,1.212696726,1.298948421,1.238269014,1.229672384,1.218953856,1.184303232,1.201626503,1.230947085
Former Czechoslovakia,3.120795583,3.099581663,3.123862918,3.1466806,3.170250397,3.200740101,3.242998117,3.330526305,3.258133501,3.242669634,3.238691876,2.926922773,2.639002443,--,--,--,--,--,--,--,--,--,--,--,--,--,--,--,--,--,--,--,--,--,--,--,--
Former Serbia and Montenegro,--,--,--,--,--,--,--,--,--,--,--,--,0.853817425,0.720314738,0.711846873,0.788937168,0.922410533,0.978256448,0.99450283,0.798340916,0.806281717,0.839047135,0.923720774,0.933125232,0.957577538,0.904275897,--,--,--,--,--,--,--,--,--,--,--
Former U.S.S.R.,51.67952568,52.05551563,54.18088871,55.22631198,58.21445602,60.60802355,62.48734442,63.89949246,65.99792021,64.96438251,66.11761986,62.12499904,--,--,--,--,--,--,--,--,--,--,--,--,--,--,--,--,--,--,--,--,--,--,--,--,--
Former Yugoslavia,2.044588308,2.213117675,2.292120449,2.346671961,2.712292034,2.830791431,2.81782483,2.876431953,2.891611619,2.903076803,2.791077562,2.574279114,--,--,--,--,--,--,--,--,--,--,--,--,--,--,--,--,--,--,--,--,--,--,--,--,--
France,8.635491483,8.268095141,8.01465231,8.100062016,8.293212998,8.478171065,8.623435279,8.742445934,8.860162982,9.027819539,9.225717677,9.839512252,9.931866553,9.871726188,9.867866974,10.14716483,10.49121611,10.42528324,10.66640031,10.7999608,10.92138183,11.1800275,11.06210997,11.14434967,11.32851116,11.44417584,11.46585284,11.26329389,11.3437444,10.73522553,10.99890895,10.70337515,10.59991394,10.71284643,10.26708959,10.31095431,10.1504119
French Guiana,0.005,0.004,0.006,0.006,0.005,0.005,0.00563148436,0.00614312463,0.00697681421,0.00804698359,0.00958235449,0.0105254948,0.00868242636,0.011578312,0.011578312,0.0135013875,0.0136160027,0.0135013875,0.0135013875,0.01350139,0.00767928923,0.0136636342,0.0135773868,0.0157075517,0.0155160851,0.0153260443,0.0142432071,0.0155227066,0.0159117969,0.0182281613,0.0181591085,0.0185976876,0.0154620166,0.0156493111,0.0160650712,0.0158413848,0.0148232155
French Polynesia,0.003,0.005,0.006,0.00816832029,0.01225056,0.011334304,0.013672044,0.0139640378,0.013820897,0.0141233291,0.0135347884,0.0137131224,0.0131858934,0.0131583439,0.0101173097,0.0112133527,0.0109694329,0.0112826817,0.0114640997,0.0108140482,0.0121390586,0.0136030992,0.0140268292,0.0151258594,0.0157190411,0.0159771675,0.015433919,0.0170886203,0.01680071,0.0166272601,0.0173142282,0.016708846,0.0158923283,0.0163110381,0.0153372489,0.0166178534,0.0161039052
Gabon,0.0279047168,0.0326622251,0.0302268302,0.0407895298,0.03640396,0.03208302,0.028604016,0.033633423,0.0343790884,0.044396603,0.04299246,0.044320615,0.0457354938,0.042989626,0.043889875,0.040850984,0.0426043238,0.045588941,0.044444928,0.050959764,0.0391439178,0.0424670856,0.0421708308,0.0411422979,0.0418782031,0.0446119614,0.0456709432,0.0455414961,0.0465322918,0.0461197421,0.0545042005,0.0550380305,0.0685847458,0.0710438966,0.0721209423,0.0714809178,0.0682778056
"Gambia, The",0.002,0.002,0.002,0.002,0.002,0.002,0.00239409316,0.00267489333,0.00268210675,0.00267489333,0.00268759533,0.00267489333,0.00268210675,0.00288750583,0.00365614922,0.00315848066,0.00317512311,0.00315848066,0.00357239066,0.00357242084,0.00463685676,0.00470408117,0.00468418494,0.00468418494,0.00494314093,0.00498501235,0.00584534272,0.00561032557,0.00582895166,0.00653718922,0.00682173511,0.0073751468,0.00701855889,0.00696117976,0.00769928152,0.00788310507,0.00829480626
Georgia,--,--,--,--,--,--,--,--,--,--,--,--,0.323146544,0.197564341,0.152494277,0.150941586,0.159143763,0.164158919,0.165774948,0.161351368,0.137001665,0.127339122,0.149456141,0.133172582,0.137675437,0.189643047,0.178844703,0.200034234,0.198494326,0.190098649,0.215239594,0.203126825,0.205868374,0.228701245,0.239056895,0.249157848,0.263159289
Germany,--,--,--,--,--,--,--,--,--,--,--,13.9028316,13.66633149,13.59926591,13.52801652,13.81138607,14.00223106,13.87155715,13.89587837,13.72055101,13.85058766,14.29249844,14.08451406,14.05359822,14.19933303,14.01723031,14.36157744,13.77201218,14.1289709,13.30956759,14.09390521,13.55607078,13.73377826,14.06760523,13.65049969,13.81692762,13.86450971
"Germany, East",5.707920155,5.737352383,5.830748873,5.859406981,6.287759848,6.470716969,6.505324108,6.458907865,6.394912217,6.215341066,5.356293258,--,--,--,--,--,--,--,--,--,--,--,--,--,--,--,--,--,--,--,--,--,--,--,--,--,--
"Germany, West",11.93275023,11.45083212,11.26230964,11.09482202,10.98805246,11.47465746,11.73851635,11.76196143,11.79881609,11.53514678,11.71213542,--,--,--,--,--,--,--,--,--,--,--,--,--,--,--,--,--,--,--,--,--,--,--,--,--,--
Ghana,0.0863058254,0.083219023,0.0828755849,0.0550583464,0.05092856,0.058377972,0.077160901,0.084838229,0.093671664,0.102584626,0.100061717,0.104446406,0.11273167,0.111545001,0.114245545,0.116805615,0.123645636,0.121610787,0.094454442,0.115395305,0.142326184,0.142314758,0.131044058,0.120097185,0.141530392,0.145129115,0.14088305,0.133605108,0.157534341,0.180885654,0.187103848,0.234990372,0.240714097,0.255974403,0.25769394,0.272954693,0.254772872
Gibraltar,0.007,0.008,0.007,0.006,0.005,0.012,0.0185031691,0.0189400325,0.0248456538,0.021242637,0.022044715,0.02250079,0.0403888995,0.0427461038,0.0425941944,0.0425941944,0.0427103928,0.0425941944,0.048913942,0.0428059029,0.119759543,0.131712236,0.145925529,0.16733301,0.159577517,0.178630768,0.17451764,0.188691569,0.183519221,0.194673084,0.187859922,0.186975954,0.188620106,0.173709309,0.164459721,0.168148908,0.170679388
Greece,0.724459235,0.713200794,0.693267298,0.704125424,0.718418886,0.756339505,0.779880046,0.835565785,0.884061138,0.924597611,0.960977915,0.97699258,1.011138182,1.018324271,1.049554407,1.083959659,1.131452535,1.138568259,1.209330498,1.214600628,1.283936566,1.305683912,1.321658472,1.397496401,1.396653009,1.40402593,1.449262301,1.46890859,1.445422915,1.374630112,1.319319159,1.282613101,1.184468557,1.130838719,1.124971903,1.133893199,1.119107092
Greenland,0.008,0.007,0.007,0.005,0.008,0.007,0.0047618821,0.0035889452,0.00770889907,0.0067967865,0.0077636982,0.0076681145,0.00681528454,0.006968799,0.00701855208,0.00701855208,0.00785652267,0.00762057804,0.00762068389,0.008990048,0.0105660495,0.00932447552,0.00950043952,0.0102944346,0.00947587335,0.0113319403,0.0104894063,0.0121967618,0.0105345467,0.0119923217,0.0149609303,0.015224303,0.0123430111,0.0121490197,0.0113736849,0.012596731,0.0125101557
Grenada,0.001338,0.001532,0.001702,0.001658,0.001706,0.001756,0.00189195033,0.00132927619,0.00141859288,0.00141298885,0.00179362076,0.00179362076,0.001849169,0.00225154422,0.00287585,0.00244074615,0.00275530624,0.00329292476,0.00272850639,0.00272853172,0.00294420326,0.003128625,0.00329745663,0.00366161756,0.00346898815,0.00380239918,0.00351910788,0.00373497924,0.00397155879,0.00385607148,0.00400268862,0.00399432646,0.00412719601,0.00457150018,0.00386474902,0.00408201191,0.00410201994
Guadeloupe,0.007,0.01,0.013,0.013,0.015,0.013,0.0139008969,0.0161463217,0.0173219697,0.018848173,0.020928238,0.02155453,0.020334922,0.0229832423,0.0236153905,0.0248341304,0.0245559728,0.024683701,0.024734126,0.024735286,0.0294626655,0.0303678967,0.0308478826,0.0324539304,0.0319021523,0.0314994652,0.0325445877,0.0341686171,0.0318006272,0.0310551827,0.0331435383,0.0363942292,0.0277167336,0.0274178282,0.0270148899,0.0284692582,0.0286353196
Guam,0.053,0.074,0.058,0.055,0.019,0.009,0.0157231569,0.0108108656,0.0113729768,0.010781859,0.026174068,0.02952264,0.035365615,0.0466661026,0.0679492636,0.050939071,0.0447426253,0.0509696957,0.042263462,0.0468339895,0.0477099216,0.0661137648,0.0459153982,0.0388724066,0.0453786003,0.0529166675,0.0558066383,0.0406295022,0.0257718499,0.0406576754,0.0359476671,0.0317648503,0.034026928,0.0286647327,0.027735401,0.029704511,0.0279650321
Guatemala,0.0668899979,0.056118483,0.0576451625,0.0629946156,0.05385908,0.060615863,0.064519149,0.065508191,0.0716509704,0.075406627,0.079897575,0.077901023,0.0859269628,0.09151856,0.102403098,0.109437868,0.113266106,0.122337558,0.141999234,0.151968246,0.162773059,0.16761013,0.170780405,0.188024778,0.177627302,0.183294261,0.193944495,0.208172096,0.193647998,0.203783745,0.20560432,0.20997692,0.214417815,0.223518289,0.236529548,0.271903797,0.293326094
Guinea,0.0135374245,0.0135470444,0.0135471927,0.0136095628,0.0136182,0.012681967,0.0159068421,0.0170000883,0.0174389772,0.0162957569,0.021827782,0.0175948743,0.0176461296,0.018255529,0.01866089,0.018369501,0.0185077156,0.019694083,0.020337257,0.021205144,0.0269530792,0.0295307378,0.0306159527,0.0298756874,0.0321775178,0.0324650084,0.0329150232,0.035200937,0.034983808,0.0365791927,0.0425639639,0.0428260701,0.0416862084,0.0374936663,0.0385625024,0.0416861631,0.0432406624
Guinea-Bissau,0.001,0.001,0.001,0.001,0.002,0.002,0.0015727762,0.00271431027,0.00324207942,0.00331366568,0.00386003976,0.00386003976,0.00420116674,0.00498589952,0.00498589952,0.00498589952,0.00462572674,0.00498589952,0.00498589952,0.004985902,0.00380254095,0.0039275891,0.00353860537,0.00422798326,0.00451325043,0.00462290727,0.00481947312,0.0046853151,0.00456310273,0.00472761674,0.00485153233,0.00492265949,0.00503912264,0.00527644768,0.00582017849,0.00557791315,0.00575419015
Guyana,0.02105194,0.024052265,0.02005227,0.0170526001,0.0200522,0.020052235,0.0192014489,0.0150231509,0.0146860707,0.00961441901,0.00955413302,0.0109127831,0.0122341543,0.0159782986,0.0159548436,0.013250442,0.014632946,0.015476085,0.01970572,0.023667658,0.0234633259,0.0226292853,0.0228114513,0.0235733968,0.0229581033,0.0207763938,0.0185486236,0.023081702,0.0219024891,0.0225727287,0.0246615748,0.0255198137,0.028564786,0.027818582,0.0278055091,0.0287017839,0.029828533
Haiti,0.0153788528,0.0104460026,0.0136971332,0.0108193649,0.01090232,0.013207229,0.014028609,0.021289817,0.0222625252,0.020717095,0.013487858,0.012872493,0.0147638644,0.011422436,0.009479688,0.015523149,0.0183543184,0.0217334951,0.021902642,0.022834659,0.0238442221,0.0260006607,0.0282260226,0.026035311,0.0299836493,0.0315461552,0.0319996597,0.0352310262,0.0354925242,0.0337875879,0.0312342248,0.0329527079,0.0355117553,0.0379978634,0.0403371062,0.0427490649,0.0477269
Hawaiian Trade Zone,0.095,0.109,0.1,0.095,0.115,0.11,0.064647121,--,--,--,--,--,--,--,--,--,--,--,--,--,--,--,--,--,--,--,--,--,--,--,--,--,--,--,--,--,--
Honduras,0.0330058905,0.0305682672,0.0318304399,0.0327284871,0.0340306,0.032047102,0.037803252,0.036629078,0.0451156996,0.05218148,0.059460818,0.0588991284,0.061131755,0.0610681247,0.0605237274,0.0659880641,0.0731860479,0.0749985337,0.0808921392,0.0887993793,0.0874326101,0.0940789015,0.0945962099,0.10562251,0.11174759,0.113674033,0.105996264,0.132189421,0.131695628,0.12487271,0.131969057,0.132409307,0.14246069,0.142051918,0.151242663,0.165734943,0.167249575
Hong Kong,0.273077222,0.282467219,0.298152538,0.334273543,0.355110886,0.367873427,0.403232413,0.448526557,0.484302571,0.49914227,0.537318792,0.567734088,0.630397636,0.671291762,0.653886674,0.679117814,0.687179183,0.68055811,0.716584902,0.908867438,0.85948764,0.869100331,0.904041779,0.936819233,1.043862622,1.024245085,1.083289023,1.156138287,1.086994841,1.254660138,1.339750339,1.258946456,1.187760524,1.20968317,1.169649953,1.275930622,1.325685795
Hungary,1.143037943,1.130357593,1.124142639,1.143337049,1.111571678,1.177454771,1.178995694,1.203218122,1.183013732,1.186701584,1.12442777,1.092179893,0.99679294,1.020459681,1.015075038,1.0234678,1.055334707,1.02910297,1.027885061,1.023756167,0.995169156,1.030776162,1.029077045,1.052577492,1.063201041,1.14108681,1.12502403,1.095947902,1.089891407,1.014669407,1.033490211,1.005058857,0.940334708,0.915494088,0.937738295,0.983475473,1.002535841
Iceland,0.0572968852,0.0572467204,0.0584058542,0.063166756,0.0651985633,0.0650903586,0.0681754127,0.069797969,0.0737555654,0.0767032455,0.0771229198,0.0756002178,0.0775863164,0.080411054,0.0813593322,0.0829962098,0.088110993,0.0915580012,0.099651963,0.10853154,0.116511557,0.118467629,0.121804043,0.122763343,0.125197532,0.126081045,0.139382602,0.160000452,0.199425057,0.197564278,0.197893769,0.197099446,0.198056889,0.207408011,0.204801964,0.213141347,0.211990528
India,3.761814658,4.222166775,4.367659474,4.625930658,4.973994389,5.2350025,5.645022216,5.95189995,6.585981467,6.946856063,7.445822651,7.840958931,8.260499539,8.6086561,9.249598449,9.857129768,10.30630679,10.82453417,10.9840961,11.71211848,12.54446283,12.78551862,13.39118242,13.88798576,15.10098378,15.95487931,17.22857082,18.65954021,19.16015839,20.19400214,21.66464225,23.01042049,25.29905203,25.86771361,27.54266903,28.49007637,29.03814023
Indonesia,1.155726607,1.257903228,1.294673507,1.371350152,1.433961304,1.55049233,1.671483653,1.753482888,1.897053443,2.12018781,2.332311227,2.60063401,2.684798932,2.845803526,3.01566395,3.18817062,3.45232274,3.643325297,3.496868686,3.890772829,4.240238296,4.101909891,4.207586799,4.338849545,4.53415383,4.748737572,4.911051225,5.266234113,5.613469202,5.872229362,6.405619165,6.295434318,6.516275418,6.68392574,6.813356038,6.945031649,7.248372206
Iran,1.602570557,1.506441433,1.727842638,2.113213532,2.227607048,2.396571018,2.421922243,2.529720266,2.701043676,2.966022355,3.010527758,3.218640036,3.349372563,3.472036515,3.669641105,3.812706129,3.909889395,4.423768914,4.583238087,4.605304682,5.142871743,5.572061473,5.908191276,6.149579101,6.419440259,7.350817828,7.790357467,8.059380318,8.321210725,9.300399818,9.214477396,9.349661564,9.778077484,10.00866931,10.62904781,10.76750708,11.2601455
Iraq,0.523923006,0.483301401,0.462570219,0.550940891,0.53818576,0.566471988,0.621609104,0.637484436,0.766998624,0.825320448,0.914860531,0.599107872,0.83692081,0.962441338,1.100342124,1.127244428,1.123017876,1.037708536,1.052265989,1.070406644,1.009298918,1.023018341,1.041343669,0.817730459,1.013005294,1.098743397,1.07696867,0.985282562,1.096634761,1.314249119,1.373826269,1.428289008,1.655045014,1.996640196,1.925987659,1.821092635,1.90188282
Ireland,0.321781978,0.310888807,0.307973057,0.2962839,0.301301987,0.306367832,0.33220428,0.327880897,0.321601433,0.337794576,0.359723172,0.374829666,0.373683587,0.390672715,0.409356878,0.418531601,0.449989039,0.476797384,0.515387116,0.55563311,0.593285613,0.615307671,0.612734522,0.607762411,0.631631033,0.660154618,0.689235313,0.680974521,0.68490642,0.617687476,0.632553705,0.582315043,0.569493223,0.569362843,0.572316166,0.600927418,0.632123701
Israel,0.356052482,0.36152114,0.377000492,0.370002304,0.337854579,0.357276985,0.38593528,0.423963715,0.44615679,0.460612689,0.474758783,0.484738872,0.508519651,0.564603044,0.600498642,0.646704683,0.66298094,0.698280647,0.707575251,0.718884027,0.783746586,0.776031016,0.822152771,0.846724475,0.856979778,0.823003178,0.851662584,0.888636906,0.87415482,0.885311262,0.951201794,0.939894063,1.011269246,0.933121626,0.981421883,1.02147752,1.03758176
Italy,6.1918222,6.057271232,5.93487494,5.850135297,6.007636483,6.030944166,6.118945752,6.334654107,6.497897127,6.681724006,6.730949376,6.884390751,6.885859493,6.826221138,6.767728944,7.07529351,7.10929223,7.186596735,7.39716265,7.51788518,7.575862533,7.634890487,7.661522237,7.913313448,8.099467146,8.152839286,8.101865477,7.988684615,7.931846401,7.385222392,7.68096897,7.517917443,7.240322474,6.924917224,6.702989448,6.770745294,6.724000904
Jamaica,0.117786737,0.0997874634,0.0869548989,0.0921460837,0.07539896,0.067295428,0.067285271,0.074421213,0.0841019401,0.096643277,0.102793383,0.10714413,0.115192092,0.117519571,0.120533591,0.134440699,0.138556638,0.144738815,0.147493641,0.1515832,0.146673341,0.149714375,0.149610466,0.155944912,0.151675189,0.15578443,0.180186502,0.18291136,0.155316357,0.123413345,0.113679115,0.119568266,0.112602586,0.122326399,0.119388759,0.122108717,0.123664784
Japan,15.65688343,15.64194108,15.13044304,14.92072305,15.88832344,15.91651774,16.03578818,16.45255843,17.45983198,18.00394343,18.95408766,19.38138677,19.53150909,19.79965971,20.48953751,21.14557196,21.55060755,21.92212582,21.497936,21.93025957,22.00889609,21.82762311,21.69817218,21.87351392,22.15396961,22.49375287,22.68186926,22.57537376,21.49157658,20.52488263,21.50845325,20.82608603,20.33078434,20.44064954,19.90480519,19.54681143,19.64949675
Jordan,0.077,0.092,0.105,0.112,0.116,0.12,0.130262149,0.139650533,0.130626388,0.134654005,0.143644503,0.136109388,0.160735845,0.159281964,0.182779082,0.19078321,0.205425266,0.199136413,0.212968386,0.215530069,0.225822943,0.217304555,0.228290995,0.249136607,0.270674252,0.29319332,0.304147303,0.292205228,0.281141122,0.292599899,0.305164067,0.31948545,0.337729939,0.337941237,0.351985182,0.371832676,0.395279626
Kazakhstan,--,--,--,--,--,--,--,--,--,--,--,--,4.04297063,3.534392625,3.373807565,2.785663259,2.674301606,2.33427303,2.268723882,2.093338041,2.173451816,2.189865421,2.322340573,2.272506279,2.609301506,2.592980482,2.720277216,3.220649636,3.672653485,2.985511727,3.187884663,3.484642364,3.438072043,3.462422291,3.289623476,3.251629032,3.471685036
Kenya,0.0990292412,0.101476609,0.101522073,0.0995031776,0.0974624841,0.10277816,0.107430119,0.099217852,0.112840917,0.120746897,0.122187556,0.113912735,0.123201742,0.126480412,0.130381275,0.137673973,0.144419626,0.133855643,0.14781297,0.140369506,0.155762854,0.158617298,0.160583505,0.151952304,0.162982468,0.177566786,0.195027294,0.195676373,0.193186768,0.212299965,0.230334198,0.237179197,0.23389377,0.246111113,0.266124522,0.303196236,0.317118299
Kiribati,0.000672,0.000796,0.000792,0.000794,0.000584,0.000584,0.000437522689,0.000515126252,0.00051628853,0.000515126252,0.000515126252,0.000520709,0.00051628853,0.000515126252,0.000515126252,0.000515126252,0.00051628853,0.000515126252,0.000515126252,0.0005151512,0.000992451134,0.000846845314,0.0012411503,0.00129036593,0.00138210165,0.00180703321,0.0010105717,0.00183525537,0.00105514334,0.00179352032,0.00178423926,0.00164720309,0.00162626242,0.00164503192,0.00164933643,0.00176401143,0.00169600089
"Korea, North",0.982380767,1.022084831,1.067347302,1.115894887,1.146889358,0.976602534,0.984391528,0.970289105,1.138163518,0.944029453,0.962227253,0.958855035,0.807120007,0.884910891,0.86679008,1.015747397,0.97510398,0.940938758,0.834428087,1.067010574,0.946228014,0.922119269,0.900814658,0.897958977,0.934102977,0.916521819,0.869785318,0.796687847,0.859680881,0.724009977,0.692208545,0.516540747,0.527558716,0.406386793,0.434562987,0.334910128,0.383363818
"Korea, South",1.937220393,2.009565254,2.01941542,2.192814784,2.334171105,2.495931997,2.726357799,3.002182545,3.34145473,3.604932728,4.048777551,4.513315654,5.040326203,5.498392372,5.889741639,6.430901631,6.964548216,7.509935901,6.930281517,7.608273903,8.056698692,8.238371824,8.568981407,8.875912648,9.103982818,9.523354561,9.730082835,10.14571122,10.29257597,10.39249986,11.23486836,11.69082665,11.89381558,11.95271955,12.08187602,12.39378517,12.96115765
Kosovo,--,--,--,--,--,--,--,--,--,--,--,--,--,--,--,--,--,--,--,--,--,--,--,--,--,--,--,--,0.0844781925,0.0943258779,0.0974254971,0.0982151166,0.0897018244,0.0909249537,0.0841094084,0.0947942382,0.099549214
Kuwait,0.480936,0.3517,0.3497,0.388828,0.406768,0.40258,0.451960955,0.53740226,0.621371836,0.69416819,0.407284734,0.2155634,0.350522662,0.475418878,0.570969285,0.589526615,0.62554071,0.798668087,0.84551028,0.91891439,0.824513472,0.841957355,0.889434981,0.96399641,1.002994411,1.170891881,1.162563012,1.235693427,1.326194461,1.379985682,1.488687595,1.533694339,1.589689817,1.583571747,1.572404151,1.708696538,1.598493656
Kyrgyzstan,--,--,--,--,--,--,--,--,--,--,--,--,0.284023603,0.247993974,0.230768126,0.180567096,0.232780749,0.218849521,0.219590609,0.235956067,0.237696729,0.226163771,0.193479653,0.204497688,0.208691643,0.197028863,0.200045404,0.219867229,0.20833085,0.212871928,0.202842291,0.23065553,0.260155649,0.246029189,0.250227495,0.229342332,0.229804224
Laos,0.0130794162,0.0108924557,0.011381805,0.0104233102,0.0094793755,0.00895260605,0.0095553711,0.00751628305,0.00707884025,0.00938937105,0.010477041,0.010978481,0.0108648942,0.01105082,0.0109893692,0.0139533114,0.0160551841,0.0172182859,0.0208232271,0.0242106289,0.0395849614,0.041919939,0.0428871131,0.0417065149,0.0429374371,0.0497474674,0.0561003097,0.054652947,0.0594157603,0.0622098734,0.0976487106,0.127554241,0.131762268,0.156548663,0.165871216,0.210324418,0.19843998
Latvia,--,--,--,--,--,--,--,--,--,--,--,--,0.227389424,0.190816806,0.181920972,0.166970474,0.158559682,0.163213029,0.158991902,0.151658743,0.151944691,0.164435085,0.162206996,0.16721886,0.180136562,0.186788693,0.183601152,0.182338477,0.16857077,0.173841564,0.184653905,0.165566325,0.17255276,0.164899414,0.155751084,0.157693234,0.165462251
Lebanon,0.104668219,0.0977058234,0.0949040146,0.0978209821,0.093723748,0.108167949,0.10209482,0.10697101,0.09711788,0.076503116,0.071077526,0.11707352,0.120101446,0.150588215,0.169538069,0.18186344,0.192776628,0.221113044,0.22279327,0.228868841,0.206276651,0.220957931,0.221687709,0.224332861,0.222810742,0.213120056,0.197871805,0.175343167,0.225810411,0.280445219,0.26905757,0.273168362,0.305246147,0.305370345,0.315442899,0.321319909,0.323929156
Lesotho,0.002,0.002,0.002,0.002,0.002,0.002,0.00269501208,0.00269501208,0.00157979739,0.00269501208,0.00335011608,0.00339788408,0.0035297108,0.003604638,0.003238603,0.003286371,0.0033380972,0.003265899,0.003682291,0.005150913,0.0089586453,0.0081488565,0.00854081868,0.00870590797,0.0088979668,0.0106258317,0.0111627527,0.0146960763,0.0126797828,0.0143556092,0.0146052391,0.0134942625,0.0137997877,0.0140457699,0.0147872273,0.0161723868,0.0159128268
Liberia,0.0314384291,0.0292822428,0.0294289135,0.0293664058,0.02532812,0.025705773,0.0205078447,0.0164608128,0.0204536056,0.0168247385,0.00839299052,0.00461698183,0.00484142227,0.00568570452,0.00568570452,0.00568570452,0.00554961397,0.00553458676,0.00572632126,0.0057263225,0.00690426212,0.0068815544,0.00678835665,0.00786867865,0.00812907354,0.00987975018,0.00966922741,0.0090497403,0.00799572492,0.00759704007,0.0119822821,0.0127947497,0.0143819372,0.0125528922,0.0165300621,0.0165930582,0.0165399964
Libya,0.39792,0.35734,0.354272,0.380528,0.383734,0.420721,0.44170713,0.45382107,0.465325204,0.480776675,0.508070098,0.53074152,0.494933784,0.512736662,0.53010922,0.55403296,0.584996678,0.616013987,0.592830282,0.535332236,0.727205678,0.732903752,0.755098965,0.743902466,0.762185376,0.788120982,0.722570095,0.718001355,0.745803944,0.853090034,0.909652569,0.592592845,0.742686718,0.783067577,0.775557729,0.676920828,0.646075719
Lithuania,--,--,--,--,--,--,--,--,--,--,--,--,0.472779934,0.390442472,0.350785205,0.378068922,0.362536301,0.358910521,0.39165294,0.293408697,0.274898336,0.315945599,0.339826567,0.351434352,0.354532837,0.3315426,0.320741275,0.347037457,0.366997096,0.320593039,0.260760498,0.278598794,0.277457011,0.275506724,0.25619358,0.255435616,0.262929681
Luxembourg,0.151546935,0.129665545,0.124360417,0.117789738,0.125858614,0.128689857,0.127027264,0.127220887,0.132454873,0.141695559,0.147598536,0.158012249,0.157681057,0.160394805,0.155901162,0.14017059,0.143078517,0.141553192,0.138016527,0.145493089,0.156075479,0.161482149,0.170685689,0.178751527,0.200746358,0.202712802,0.201063622,0.196533163,0.196307042,0.184596953,0.196637298,0.19429388,0.190424603,0.184927259,0.179269113,0.177505789,0.177917224
Macau,0.007,0.007,0.007,0.01,0.0110853,0.009160364,0.0126796255,0.0138239947,0.0140226444,0.0147413254,0.015107632,0.0147209275,0.0157009416,0.016783011,0.017947577,0.0184627638,0.0210186808,0.021097349,0.023066027,0.023860677,0.0237056147,0.0238115186,0.0265716303,0.0269780257,0.0321427549,0.0322602505,0.0343826529,0.0355902458,0.0316737126,0.034229503,0.0344768495,0.0345896634,0.0357654393,0.0360765995,0.0387326318,0.0429364664,0.0508057649
Macedonia,--,--,--,--,--,--,--,--,--,--,--,--,0.104752912,0.106877017,0.0926221357,0.0958722877,0.105847581,0.0979079411,0.118048816,0.108354488,0.104009113,0.0963807248,0.0950822851,0.102747587,0.107110423,0.109069972,0.10916539,0.110561436,0.108640085,0.105831839,0.114830447,0.12018587,0.110162626,0.109528856,0.108189989,0.111551792,0.110660925
Madagascar,0.0189876223,0.0171540253,0.015927774,0.0190954756,0.0189605618,0.0208523748,0.0150877392,0.0213865515,0.0229659319,0.0175553702,0.0169182538,0.0171907557,0.0189262426,0.0194659248,0.0205510037,0.0214462396,0.0220904789,0.0227476387,0.0232502887,0.0232472995,0.0331687684,0.0325095511,0.0251238344,0.0321922655,0.0343305169,0.0333312984,0.0335392586,0.0351409297,0.0375251181,0.033417237,0.0354935697,0.0399052975,0.0456846126,0.0489272843,0.0520582365,0.0569454664,0.0581687547
Malawi,0.0112543601,0.0123405667,0.01126229,0.0113408712,0.0114218468,0.0119633576,0.0129494844,0.0135175425,0.0125882414,0.0136838305,0.0157833251,0.0189596683,0.0183951314,0.0174648761,0.0192841187,0.0196703287,0.0200918766,0.0200011209,0.0219597212,0.0209184362,0.022325518,0.0219646141,0.0220714093,0.0233667175,0.0244248345,0.024271059,0.0255655661,0.0250941991,0.0288087723,0.0263475717,0.0316532384,0.0314070756,0.0291914874,0.026882476,0.0279572403,0.0222267519,0.0273928386
Malaysia,0.418273283,0.437941089,0.455711344,0.513688007,0.613447069,0.698957869,0.74698741,0.750288026,0.79313962,0.859424457,0.842851223,0.927145305,0.98895968,1.140502401,1.338957122,1.45782522,1.543657471,1.627984076,1.634708982,1.641859237,1.818081643,1.930595451,2.088216796,2.084893742,2.127363328,2.362668225,2.557967743,2.712487615,2.76917585,2.833735989,2.97434164,3.065333239,3.109120733,3.287757248,3.431323105,3.280325473,3.306376499
Maldives,0.000426,0.000414,0.000414,0.000418,0.001652,0.001808,0.00195254202,0.00195254202,0.00138357588,0.00137776702,0.00187934316,0.00187934316,0.00188627717,0.0016839275,0.00375930349,0.00464440808,0.0048598578,0.00439720679,0.00462382839,0.0046238369,0.00976504771,0.00837596138,0.00979011154,0.00851135538,0.0112671532,0.0101596609,0.0127735214,0.0134506569,0.0147579109,0.0155542809,0.0158847039,0.0166786628,0.0214941307,0.0228117064,0.0300383655,0.0225268222,0.0229276469
Mali,0.00686220427,0.00885714621,0.00709767049,0.00728344222,0.00738852,0.008389451,0.00682018144,0.007628528,0.00507054202,0.00788600892,0.00804159892,0.0080599672,0.00911981734,0.00917817392,0.00920033192,0.00923038792,0.0100266797,0.0101333389,0.00954376692,0.009550452,0.0146702287,0.0149836588,0.0153897859,0.0155348985,0.0156031985,0.0182925035,0.0216351828,0.024148956,0.0287633102,0.0401353063,0.0406772863,0.0450996304,0.0467854693,0.0502485545,0.0516191527,0.0558370108,0.0597902145
Malta,0.019,0.021,0.021,0.014,0.02,0.013,0.0170834259,0.0186787655,0.01995981,0.02094735,0.022531158,0.024573917,0.0267746202,0.028889849,0.0306946385,0.032874528,0.034822338,0.037318161,0.0389034885,0.04328016,0.0633397165,0.0695909704,0.0679003822,0.078912576,0.082838505,0.07067246,0.0724499578,0.0786782132,0.0819709456,0.0868237923,0.103642271,0.0990150919,0.0937054327,0.0890611996,0.0909049936,0.0992374004,0.111241509
Martinique,0.009,0.009,0.009,0.009,0.008,0.01,0.01074587,0.011851915,0.0149079244,0.0199654635,0.021812181,0.018454302,0.0201278008,0.02767262,0.0270054,0.027772338,0.0279223992,0.0278104815,0.027597869,0.027597869,0.0322089243,0.0324410781,0.0338982911,0.0329709271,0.0331664545,0.0329057052,0.0326219223,0.0335502122,0.0337165359,0.0336626302,0.0336479153,0.0351583882,0.0356026838,0.0358839435,0.0372650857,0.0368360382,0.0365588825
Mauritania,0.00925970008,0.00931359008,0.00939725218,0.00841028071,0.01337584,0.012323857,0.0073019529,0.00988209675,0.0128216628,0.0147327214,0.013664223,0.013942354,0.0456884022,0.046836076,0.0466506865,0.047955647,0.0481023908,0.048240946,0.048679023,0.048700287,0.0170956264,0.0176128971,0.0192176703,0.0195318329,0.0215549906,0.0219629958,0.0218184759,0.0247932441,0.0300755457,0.0301353853,0.0296308024,0.0320512341,0.0358793355,0.032339829,0.0380526263,0.0391885458,0.0382841059
Mauritius,0.0138518163,0.0116167272,0.0119722224,0.0123682006,0.0139656343,0.0149413247,0.0184676079,0.0160213327,0.0210299678,0.0243765859,0.0273459169,0.0271480724,0.0324908082,0.0330772722,0.0321842083,0.0352057526,0.0356661306,0.0355172332,0.0363841105,0.0398399718,0.0545095627,0.0555494918,0.054709309,0.0567951812,0.0580464462,0.0626333978,0.0655854544,0.0672434635,0.0684811739,0.0665058759,0.071394464,0.0740092824,0.0740867715,0.074991882,0.0776014297,0.0786174383,0.0828166424
Mexico,3.800412672,4.202426773,4.442880458,4.18294952,4.214232423,4.455948643,4.40136383,4.511774968,4.601751581,4.852242113,4.721102401,5.05606295,5.110175518,5.397028206,5.747448954,5.58112466,5.728956463,5.807717256,6.22334475,6.227311617,6.48806462,6.465244148,6.470899558,6.695582277,6.868894792,7.090892018,7.396517906,7.519375047,7.611341637,7.550692281,7.521850016,7.728909789,7.696257297,7.758211345,7.649473841,7.766380576,7.941203635
Micronesia,0,0,0,0,0,0,0,0,0,0,0,0,0,0,0,0,0,0,0,0,0,0,0,0,0,0,0,0,0,0,0,0,0,0,0,0,0
Moldova,--,--,--,--,--,--,--,--,--,--,--,--,0.263817641,0.209610597,0.156267888,0.140658173,0.152681389,0.153980039,0.142051748,0.111857815,0.115311697,0.111155003,0.122892212,0.137808267,0.126425839,0.137175893,0.145039441,0.126192324,0.130481988,0.118071719,0.116972715,0.112075388,0.154356698,0.151549177,0.144822451,0.131140787,0.130080844
Mongolia,0.146105314,0.124300565,0.15459223,0.156833943,0.155964532,0.184228736,0.199382648,0.208663313,0.21926564,0.208192645,0.191940145,0.199445692,0.17870658,0.163496612,0.152161983,0.151460687,0.150124923,0.139234912,0.138623964,0.139169437,0.146376695,0.14607724,0.155599066,0.148325277,0.146577783,0.150416356,0.165461824,0.172148097,0.17106963,0.170009095,0.161033537,0.159171593,0.172481799,0.199211547,0.195851773,0.197198331,0.192771581
Montenegro,--,--,--,--,--,--,--,--,--,--,--,--,--,--,--,--,--,--,--,--,--,--,--,--,--,--,0.0529288517,0.0476457355,0.052484257,0.0455078111,0.0571169172,0.0466916201,0.0458496936,0.0494912482,0.0440155187,0.0434772838,0.0450367194
Montserrat,0.000512,0.000566,0.000566,0.000566,0.000568,0.000616,0.000347621437,0.000435246184,0.00043529306,0.000435246184,0.000512849747,0.000896318747,0.000898566893,0.000896318747,0.000896318747,0.00132154375,0.00132495689,0.00132154375,0.00132154375,0.0013215772,0.00079375892,0.00079375892,0.0011441021,0.0011441021,0.0011441021,0.0011441021,0.0011441021,0.00127175488,0.00163274431,0.00138055587,0.00184466723,0.00127517872,0.00123710326,0.00155876742,0.0014555637,0.0016460313,0.00162713938
Morocco,0.215565212,0.20839962,0.207605858,0.213962819,0.202026168,0.217688181,0.233376483,0.235135922,0.250258956,0.279486937,0.292048196,0.299366831,0.31947714,0.323804948,0.35789525,0.351220684,0.36761228,0.381938322,0.381745243,0.402812542,0.400715532,0.421024916,0.428223678,0.437061904,0.486638237,0.529111232,0.543621002,0.575811071,0.593668506,0.630729303,0.681600093,0.727798685,0.743876094,0.761777584,0.787164368,0.778674211,0.781342455
Mozambique,0.167258616,0.0589860797,0.0580019237,0.0812443872,0.031002004,0.029996751,0.0153946412,0.0157582742,0.0225699416,0.017886745,0.018258069,0.0196201778,0.0193277712,0.0205622722,0.0192610352,0.0206204592,0.0215944456,0.0260722452,0.0320253656,0.0783909626,0.107092533,0.134638559,0.132778601,0.13405836,0.136590728,0.150031907,0.163930525,0.18336859,0.169947571,0.183275762,0.185158848,0.20849104,0.224669305,0.238649649,0.26067756,0.276814224,0.280868842
Namibia,--,--,--,--,--,--,--,--,--,--,0.034325088,0.0186135498,0.0173780441,0.021850302,0.0204068886,0.0323036699,0.0313241451,0.030095076,0.0335660424,0.0447884534,0.0436524012,0.0504282198,0.0483527572,0.0508575691,0.0527043872,0.05546436,0.0558997783,0.0571629794,0.0608903803,0.0617690925,0.0632264191,0.0662327889,0.0687598541,0.0699937787,0.0739136178,0.0766521663,0.0761812067
Nauru,0.002,0.002,0.002,0.002,0.002,0.002,0.00190589522,0.00190589522,0.00191075442,0.00190589522,0.00190589522,0.00190589522,0.00191075442,0.00190589522,0.00190589522,0.00227074145,0.00228171725,0.00227074145,0.00227074145,0.002270763,0.00156200923,0.00183149438,0.00165782534,0.00138273824,0.00123620207,0.00119136298,0.00159554169,0.0015539536,0.00158054376,0.00153632308,0.00161939645,0.00274446134,0.00158225228,0.0017936959,0.00188200272,0.00195074131,0.00104623573
Nepal,0.0076167236,0.00733617263,0.00960637935,0.0121128533,0.0124109739,0.0103913158,0.0141851739,0.0153595863,0.016299308,0.0143978298,0.0192400856,0.0206336083,0.0226043553,0.0233198539,0.0253632813,0.0286758424,0.0321806603,0.0346461267,0.0425376339,0.0493098639,0.0505570429,0.0530845922,0.0549881695,0.0588249954,0.0589188921,0.0611845176,0.0603230959,0.0581618737,0.0654451283,0.0749552514,0.0807227987,0.0852580635,0.0892929623,0.0957322794,0.102526362,0.0929468875,0.134168362
Netherlands,3.260597993,3.06398342,2.976454356,2.854388812,2.867048241,2.989426483,3.136910222,3.226595472,3.237075136,3.258240806,3.423656737,3.59018425,3.550950738,3.623292346,3.666500557,3.764171973,3.96961592,3.910102625,3.925266129,3.90278082,3.97745597,4.10616284,4.154033169,4.230606858,4.353363568,4.374734704,4.35662898,4.369768598,4.321345562,4.177576473,4.379431451,4.186242761,4.122123675,4.074503462,3.899578206,3.925023134,3.974047621
Netherlands Antilles,0.238,0.222,0.215,0.198,0.186,0.155,0.151507485,0.152087705,0.143635968,0.150679262,0.147171896,0.14039519,0.138572907,0.138521771,0.143451942,0.152882078,0.150699695,0.159678959,0.16161032,0.157938859,0.18716902,0.19226007,0.186626192,0.185011951,0.191940978,0.198972581,0.200683569,0.211785816,0.212022649,0.203226126,0.175341525,0.198045731,0.185327356,0.186035392,0.187391502,0.191526337,0.194091906
New Caledonia,0.0280216259,0.027007005,0.0205989416,0.0188994825,0.0214273243,0.0230820552,0.0233030199,0.0222593688,0.0251479739,0.0265953689,0.0255054838,0.0251793392,0.0267117784,0.0265992077,0.0264282615,0.0268804855,0.0275198829,0.0252407144,0.0259304701,0.026237064,0.0339031674,0.0326519052,0.0354646102,0.0382894244,0.0369336491,0.0399682742,0.0401166241,0.0428901659,0.0436544313,0.0423266597,0.0511672171,0.0495198473,0.0529926782,0.0563582085,0.0631574567,0.0659372472,0.0728502045
New Zealand,0.481222804,0.469295086,0.481575768,0.506751922,0.534669218,0.550083234,0.600649062,0.611515668,0.649904936,0.665102498,0.70193255,0.705541321,0.709089331,0.71945223,0.760141586,0.776403661,0.785720156,0.784496661,0.765744692,0.791591008,0.810147081,0.818947583,0.844975191,0.80900174,0.833251169,0.812562943,0.816534587,0.821009025,0.825613062,0.82128903,0.840847444,0.839284006,0.833805603,0.849204442,0.892859077,0.888570215,0.897616871
Nicaragua,0.0325788138,0.0334805684,0.0331011841,0.0317974464,0.0324687,0.035498811,0.034516142,0.03633695,0.0365150752,0.039925724,0.036817654,0.035008635,0.0398946668,0.040843506,0.041818546,0.044873922,0.04659476,0.048781445,0.05192138,0.055656356,0.0559979549,0.0594930851,0.0601197254,0.0636476069,0.0668036888,0.067957481,0.0675223108,0.0703097466,0.0711679584,0.0716353408,0.0738284155,0.0780327477,0.0784682447,0.0838246938,0.0876749921,0.0949201986,0.09905706
Niger,0.009109982,0.00962402882,0.0102790912,0.00874431047,0.0095130921,0.00955357872,0.00790336963,0.00916924827,0.0124938268,0.0131052654,0.0128177687,0.0131239944,0.0125029081,0.0128332738,0.0130826519,0.0139221775,0.014024542,0.0141785608,0.0141723862,0.0133970577,0.0109431992,0.0114181037,0.0118549836,0.0131214015,0.0144427846,0.012653419,0.0136119686,0.0144940181,0.0166874036,0.0181590646,0.0241325057,0.0231129754,0.0321387253,0.035470449,0.0333112449,0.0346282266,0.0326101502
Nigeria,0.419826205,0.518038449,0.517237917,0.517955041,0.556937851,0.598143896,0.585602415,0.618907643,0.662593671,0.717494317,0.69607428,0.766068364,0.785941976,0.797547187,0.74518779,0.827235057,0.847552966,0.848239103,0.814126336,0.81606194,0.765726445,0.867424545,0.906283741,0.95454783,0.989666257,1.082596575,0.965384288,0.885179324,1.065588571,0.669013737,0.834134452,1.186473104,1.199130572,1.250459221,1.412264305,1.444725884,1.588491269
Niue,8.60E-05,8.60E-05,8.60E-05,8.60E-05,8.60E-05,8.60E-05,8.69E-05,8.69E-05,8.69E-05,8.69E-05,8.69E-05,8.69E-05,8.69E-05,8.69E-05,8.69E-05,8.69E-05,8.69E-05,8.69E-05,8.69E-05,8.69E-05,0.000193699926,0.00019850736,0.000191512115,0.000179791399,0.000179434804,0.000185506949,0.000183691122,0.000169533961,0.000268128986,0.000176466658,0.000164407662,9.53E-05,0.000176830736,0.000193648339,0.000200038245,0.000219209964,0.000208365996
Northern Mariana Islands,0,0,0,0,0,0,0,0,0,0,0,0,0,0,0,0,0,0,0,0,0,0,0,0,0,0,0,0,0,0,0,0,0,0,0,0,0
Norway,1.359851313,1.407605564,1.368206231,1.488020876,1.532644668,1.548378019,1.544361386,1.573549644,1.602264282,1.672524256,1.718752482,1.627176763,1.722312608,1.714238573,1.684479645,1.792338172,1.694309188,1.74979347,1.810798316,1.884030528,1.984904757,1.898940608,1.944501684,1.819928008,1.898306047,1.989516808,1.806637856,1.973912923,1.940962632,1.915599821,1.842063488,1.799934184,1.925491426,1.867681343,1.912062451,1.910863211,1.946497853
Oman,0.064632,0.068551,0.083927,0.096794,0.100418,0.118585,0.135249346,0.13884664,0.13033263,0.168150781,0.18294819,0.192364338,0.20376437,0.227409537,0.237544077,0.223411535,0.23038399,0.266773906,0.345066005,0.301803,0.36647442,0.386314162,0.414213259,0.40148952,0.40072624,0.51468997,0.58664682,0.605791253,0.763129813,0.756920728,0.887350009,0.908546178,1.072325925,1.07121821,1.171803024,1.16780668,1.165942761
Pakistan,0.620957298,0.678894697,0.773818018,0.786201185,0.810760247,0.8704864,0.928011577,1.003324862,1.069441269,1.128205845,1.179853438,1.243557589,1.305059004,1.391736955,1.519366301,1.586124176,1.665056741,1.682027676,1.734901016,1.772308778,1.877966923,1.816198597,1.830108226,1.831266847,1.984728258,2.158750195,2.432666457,2.514381347,2.488357596,2.516935047,2.600666339,2.565047947,2.725041436,2.682687766,2.805285285,2.913183506,3.1148265
Palestinian Territories,--,--,--,--,--,--,--,--,--,--,--,--,--,--,--,--,--,0.009056298,0.014694191,0.014768141,0.0196160017,0.0262662332,0.0245492858,0.0261146164,0.040765258,0.0490493646,0.0436860891,0.0449819952,0.0430036642,0.0438101137,0.0441664574,0.0494754032,0.0495306969,0.0522159277,0.0567342856,0.0675827762,0.0702543779
Panama,0.183336063,0.186303196,0.175795702,0.177498978,0.1819128,0.165031746,0.169886089,0.177134826,0.175822351,0.170266889,0.181360851,0.178151768,0.180970382,0.1826154,0.203404917,0.214311094,0.192846387,0.198640526,0.208830215,0.145960146,0.229303671,0.233624043,0.230185126,0.232554789,0.237072212,0.235859878,0.256762997,0.241625199,0.284631262,0.274358805,0.312124608,0.314508377,0.348669674,0.343439502,0.350900651,0.367792195,0.405862961
Papua New Guinea,0.029241057,0.0292090718,0.0291466554,0.0300081269,0.03323864,0.035345952,0.03543258,0.0395093876,0.0369403189,0.0376627146,0.0385854006,0.0377504206,0.0398667637,0.0401496534,0.0386967436,0.0449745203,0.0471412228,0.0447201293,0.0447785615,0.0453250238,0.0516128354,0.0593262576,0.0619873862,0.0702469804,0.0782749599,0.0755429145,0.0776669637,0.0837715743,0.083524998,0.0857776953,0.0824154935,0.0584704922,0.0829310878,0.0887708644,0.0910030702,0.0910394378,0.0907696702
Paraguay,0.0274550224,0.027229588,0.0259435731,0.0280105584,0.031096072,0.054773279,0.112853489,0.167476665,0.174531104,0.21678296,0.230452454,0.244504982,0.230813854,0.260397282,0.301156715,0.3475072,0.363359205,0.399908572,0.40778742,0.426858793,0.42531278,0.378675052,0.394481821,0.418141606,0.414405173,0.406915415,0.426044159,0.427060872,0.440548493,0.436470928,0.441492936,0.465102265,0.477721263,0.480569067,0.454302474,0.456229669,0.521049076
Peru,0.403211398,0.430311012,0.428835811,0.399941456,0.411901852,0.418641649,0.452768425,0.452964152,0.450709013,0.407100953,0.384768915,0.380135195,0.373217755,0.428710061,0.448670287,0.4717405,0.503572588,0.481204756,0.499966924,0.527940075,0.542267065,0.5329758,0.540142017,0.540654721,0.592230424,0.622111764,0.635292077,0.663579587,0.768443799,0.769040611,0.863388024,0.909893076,0.962784462,0.991475591,1.014716172,1.057459668,1.103576633
Philippines,0.548664368,0.529462266,0.531568961,0.522219791,0.495625011,0.483318143,0.486432158,0.550892305,0.589484788,0.660976884,0.671366747,0.676308907,0.714201405,0.776612132,0.830051986,0.891034348,0.956911842,1.023536885,1.070655344,1.104200165,1.132895164,1.090504984,1.111215349,1.125962533,1.173540427,1.123474547,1.116632428,1.142666399,1.216514621,1.17256637,1.214760695,1.230719319,1.291298257,1.400580607,1.432890522,1.58198444,1.629222171
Poland,4.181590235,3.943177965,3.878920961,3.921041937,4.058865347,4.292794132,4.503186666,4.769659327,4.673340161,4.524489632,3.796987436,3.7557475,3.601510843,3.659956548,3.590420068,3.574736035,3.780970004,3.742073197,3.584262748,3.509163126,3.44288159,3.444328865,3.383269983,3.574901834,3.647242214,3.66608172,3.82465099,3.871247229,3.939735313,3.789463362,4.028165204,4.086237365,3.999339535,3.959135785,3.90011028,4.003278088,4.131291966
Portugal,0.441709043,0.379647585,0.496654806,0.508878599,0.524578177,0.530128055,0.564546994,0.579367915,0.643630044,0.688006047,0.733060664,0.738880579,0.758392391,0.766238655,0.806535175,0.839392874,0.874845319,0.904343849,0.972907958,1.017242048,1.06343329,1.08047513,1.079724269,1.112585161,1.105834094,1.106507396,1.094793685,1.106468032,1.067606769,1.065380818,1.114525288,1.065278543,0.982141468,1.042125713,1.043202491,1.038532946,1.085083137
Puerto Rico,0.222119153,0.221296172,0.221087216,0.223812637,0.222716672,0.223219073,0.229043729,0.229881091,0.230158643,0.230163674,0.225503766,0.225271947,0.226230435,0.22604077,0.226433261,0.227169871,0.227373833,0.227368988,0.227656129,0.226181687,0.439233374,0.476676784,0.478092793,0.506082294,0.519444911,0.501630779,0.452094172,0.436228774,0.407086537,0.380586768,0.32353897,0.347564477,0.3689708,0.319164712,0.311146025,0.313562076,0.28585811
Qatar,0.214648,0.201758,0.237742,0.223356,0.268823,0.242977,0.255591453,0.261987125,0.268387302,0.27799938,0.286198913,0.336163522,0.521769727,0.556802237,0.558693136,0.56281693,0.578333577,0.609901103,0.62174646,0.617604731,0.660869886,0.502855464,0.602057584,0.633508878,0.723619035,0.889628903,0.968133258,1.05270858,1.141492385,1.201648181,1.255462226,1.373910141,1.913436708,2.087332947,2.11941417,2.109104195,1.84803672
Reunion,0.012137177,0.012867611,0.01341159,0.0155025678,0.01621776,0.017045901,0.016721049,0.017957342,0.0197740413,0.021162051,0.0232156193,0.0254485532,0.026085844,0.031432635,0.032496,0.032726582,0.0339551112,0.034127625,0.042884385,0.042926616,0.0386697613,0.0380402822,0.0395846544,0.0395694517,0.0432723894,0.0414758515,0.0395940615,0.0384486916,0.0395324056,0.0408649298,0.04507256,0.0433603689,0.0406678464,0.0410379474,0.0414497582,0.0445447933,0.0444082425
Romania,2.71924605,2.683188332,2.804500625,2.853454165,2.781177134,2.802974358,2.893766523,2.981632527,2.956073407,3.039765006,2.826510594,2.204482035,2.055252301,1.981972357,1.860345062,2.004014551,2.03086457,2.009510163,1.729460792,1.559107233,1.547409109,1.711916586,1.661991048,1.633440058,1.678901447,1.659522751,1.71545466,1.686400556,1.652763538,1.411894642,1.447135178,1.475133317,1.439882378,1.349927681,1.373068764,1.369393522,1.370460754
Russia,--,--,--,--,--,--,--,--,--,--,--,--,36.2607341,32.53172018,29.3152081,28.8428364,27.05112284,25.68603534,25.36088169,25.83367616,27.0072795,27.11579516,27.43862339,28.14447368,28.68069768,28.40590203,29.67280519,29.39855358,30.2978715,27.37502684,30.86793921,31.99801744,31.98821426,31.5764598,31.9681693,31.56576656,31.48513173
Rwanda,0.00331684437,0.00626090727,0.00648250662,0.00761923075,0.01071496,0.011750418,0.0106485039,0.011614509,0.0115098196,0.011125126,0.012284493,0.012710437,0.011797614,0.010898746,0.011360989,0.011757634,0.011658296,0.011789714,0.011964578,0.01159764,0.00900091695,0.00879358865,0.00884195894,0.00878409317,0.00851688235,0.00811714603,0.00791918641,0.00830968161,0.00901421546,0.00982089045,0.0102962803,0.0117397885,0.0127199497,0.0142919573,0.0156898457,0.0163555719,0.0166982412
Saint Helena,0,8.00E-05,8.40E-05,8.40E-05,8.40E-05,8.60E-05,8.69E-05,0.00017677472,0.000176796812,0.00017677472,0.00017677472,8.69E-05,8.69E-05,8.69E-05,8.69E-05,8.69E-05,8.69E-05,8.69E-05,8.69E-05,8.69E-05,0.00035109238,0.000350578016,0.00036556912,0.000361686683,0.000236089105,0.000294667276,0.000271394141,0.000343853473,0.000279841395,0.000263144876,0.000298335931,0.000291873296,0.000323322967,0.000310151258,0.000294426423,0.000271042208,0.00029219244
Saint Kitts and Nevis,0.001492,0.001572,0.001828,0.001488,0.001492,0.001492,0.00140920989,0.00140920989,0.00150027148,0.00149687602,0.00149687602,0.00100976716,0.00101431877,0.001456523,0.001881748,0.001456523,0.0018896432,0.001881748,0.001881748,0.001881748,0.00263158451,0.00272022803,0.00297592793,0.00298071873,0.00344753651,0.00300686577,0.0032247374,0.00358136602,0.00357390262,0.00372709582,0.0038332789,0.00350092377,0.00398760288,0.00396200968,0.00405002427,0.00357625236,0.00406960196
Saint Lucia,0.002,0.001,0.002,0.001,0.001,0.002,0.00179887023,0.00196137115,0.0025037278,0.00299521887,0.00299521887,0.00299521887,0.0025037278,0.00299521887,0.0029498632,0.0029498632,0.00295709968,0.0029498632,0.0029498632,0.00294989902,0.00499878202,0.00584173482,0.0048981362,0.00584011581,0.00587862071,0.00561076559,0.0056598574,0.00585165129,0.00602838983,0.00586668979,0.00626362213,0.00644734865,0.00638970333,0.00635776756,0.00647821343,0.00655773014,0.00653702477
Saint Pierre and Miquelon,0.002,0.002,0.002,0.002,0.002,0.002,0.00270465925,0.00304813526,0.00307432573,0.00366675905,0.00390101062,0.00348298648,0.00298473,0.0017009,0.0017360422,0.0011964094,0.00120221468,0.001275675,0.0017009,0.0017009,0.00192011954,0.00192011954,0.00109393754,0.00135737172,0.00127046272,0.00135737172,0.00135737172,0.00144428072,0.00144428072,0.00144428072,0.00155070172,0.00156800352,0.00153283992,0.00159372622,0.00172293096,0.00172293096,0.0017723036
Saint Vincent/Grenadines,0.00128459606,0.00119770104,0.00129217208,0.00129336033,0.00125368,0.001419622,0.00128462027,0.00131512127,0.00154657866,0.00227219179,0.00224951271,0.00203230779,0.00153431437,0.00213374679,0.00175155328,0.00210312755,0.0017554944,0.00233387315,0.00275718622,0.0027578682,0.00252928079,0.00257214574,0.00276934142,0.00306049335,0.00365875081,0.00369577656,0.00367224362,0.00380881471,0.00380754721,0.00450783633,0.00374176077,0.00324175882,0.00369285766,0.00322200616,0.00362656052,0.00370169423,0.00371837915
Samoa,0.00107271602,0.00107317102,0.00212544806,0.00212624022,0.00216704,0.002177599,0.002048912,0.002027534,0.0020336048,0.001857326,0.001856726,0.001857406,0.0016370814,0.001906411,0.001906586,0.001916798,0.0019688824,0.001985715,0.002036172,0.002088404,0.00311026618,0.0034524165,0.00267467094,0.0027597361,0.00273530876,0.00289202692,0.00315359436,0.00347825394,0.00363917648,0.00389620348,0.00396553457,0.00422236197,0.00405630971,0.0041085823,0.00425639556,0.00490195933,0.00507416019
Sao Tome and Principe,0.00101071602,0.00100917102,0.00101963204,0.000999120109,0.00102152,0.001051576,0.000969440747,0.000979670747,0.000981158893,0.000979774747,0.00182998475,0.00193348167,0.00193729343,0.00193246567,0.00135774667,0.00135771467,0.00136366743,0.00135692267,0.00134659767,0.0013673012,0.00189114537,0.00182116793,0.00204688878,0.00127749438,0.00159648962,0.00176813986,0.00190722325,0.00200882601,0.00159775053,0.00171419088,0.00187187334,0.00192945317,0.00214339424,0.00214354424,0.00214335824,0.00230495611,0.00220246992
Saudi Arabia,1.663698,2.024508,1.96742,2.122646,2.46728,2.710652,3.008471585,3.0665143,3.183553324,3.12018366,3.342853831,3.492638302,3.683110119,3.777348564,3.876384872,3.818530119,4.105622211,4.35615224,4.534921332,4.858665204,5.101244533,5.296879599,5.510637419,5.76065538,6.293401616,6.66775466,6.941139674,7.160927039,7.704593232,8.025821979,8.805932314,9.151522525,9.762156575,9.756449015,10.35681684,10.90056351,10.83475545
Senegal,0.037,0.036,0.037,0.035,0.042,0.041,0.039990714,0.040946707,0.0346933962,0.0358651555,0.036145951,0.033579299,0.0407501044,0.0432063124,0.051663937,0.055063072,0.0559972062,0.0513358208,0.0548411548,0.0597909028,0.0673863276,0.0734109324,0.0735499303,0.0742848395,0.0815034633,0.0838302595,0.0831275027,0.0878218079,0.091036895,0.0852811779,0.0903786289,0.0981854236,0.0933820039,0.0970659551,0.105557309,0.112249356,0.118677667
Serbia,--,--,--,--,--,--,--,--,--,--,--,--,--,--,--,--,--,--,--,--,--,--,--,--,--,--,0.699931388,0.694563749,0.691657025,0.663064637,0.682657666,0.692326604,0.650732823,0.64969027,0.578807717,0.640015423,0.655800788
Seychelles,0.003,0.003,0.002,0.004,0.004,0.004,0.00450057194,0.00497736706,0.00662696202,0.00689591569,0.00631764478,0.00698317697,0.00692396868,0.0072362418,0.0072362418,0.00773781794,0.00777702864,0.00782577739,0.00782577739,0.0078257945,0.0128329132,0.0138043975,0.0120413199,0.0119910856,0.0167363422,0.0154900128,0.0163933748,0.0136313875,0.0145153228,0.0158220094,0.01461695,0.0125716396,0.0142732924,0.0127024577,0.0148568936,0.0158548894,0.0155949635
Sierra Leone,0.011,0.011,0.011,0.011,0.011,0.012,0.0128084877,0.013592095,0.0147884197,0.0147623847,0.0145938501,0.0159195505,0.0113492886,0.0113127291,0.010590256,0.0123590158,0.0120011324,0.0126161042,0.0126161645,0.0126161653,0.00575394972,0.007940363,0.00803984859,0.00767182157,0.0084104644,0.00686562867,0.00911881812,0.00860041987,0.00859232331,0.00910603759,0.00961532496,0.0126991646,0.0138566226,0.0166068807,0.0182820912,0.0155869362,0.0151751423
Singapore,0.442,0.463,0.49,0.487003075,0.514,0.498025854,0.571059313,0.632183524,0.672799225,0.731485798,0.801964216,0.832718181,0.958220089,1.039755354,1.188815985,1.145499335,1.355385863,1.453423092,1.537046535,1.633473675,1.654571131,1.747824125,1.72750124,1.9164052,2.067972634,2.140872213,2.316490647,2.515953226,2.596367555,2.597094864,2.928538697,3.137484642,3.160005789,3.199211089,3.228769096,3.321177514,3.51161312
Slovakia,--,--,--,--,--,--,--,--,--,--,--,--,--,0.867085193,0.812524964,0.867309278,0.840163925,0.822608072,0.806575569,0.793861159,0.804785859,0.844311579,0.847947279,0.832709278,0.815203835,0.83768648,0.83082882,0.808228938,0.817558091,0.734896104,0.775667821,0.755797614,0.725921091,0.724919687,0.687596344,0.709144446,0.710487543
Slovenia,--,--,--,--,--,--,--,--,--,--,--,--,0.226305015,0.239068445,0.24972604,0.268786093,0.295526234,0.282696538,0.281331943,0.278527082,0.276957498,0.288991206,0.288441025,0.284515553,0.301322843,0.302862133,0.303963478,0.304105277,0.32749828,0.297661135,0.302110212,0.294244651,0.290386063,0.281142667,0.284330861,0.267153622,0.281803907
Solomon Islands,0.001,0.002,0.002,0.002,0.002,0.002,0.00172383437,0.0020186719,0.00281554516,0.00280411934,0.00280411934,0.00280411934,0.00281554516,0.00280411934,0.00280411934,0.00280411934,0.00281554516,0.00280411934,0.00280411934,0.0028041628,0.00257188421,0.0026166923,0.0026166923,0.00270495489,0.00271147048,0.00271147048,0.00275627857,0.00305400672,0.00295023347,0.0029353938,0.00310956881,0.00299861222,0.0030514757,0.00342519425,0.00349614996,0.00346787552,0.00359834174
Somalia,0.017,0.019,0.019,0.018,0.019,0.019,0.0203660734,0.0149115312,0.0149572183,0.0156416987,0.0138822931,0.00854543153,0.00768806819,0.00818284053,0.00818284053,0.00818284053,0.00822717708,0.00818284053,0.00818284053,0.00818284656,0.0102421134,0.0105780706,0.0112458382,0.0113470882,0.0112615622,0.0114769617,0.0116485006,0.0119738531,0.0117306246,0.0116702299,0.0116184138,0.0116184138,0.0116184138,0.0116184138,0.0116184138,0.0116184138,0.0116705684
South Africa,2.794442943,3.018633494,3.228381745,3.326107061,3.586111205,3.654148095,3.701598605,3.841855686,3.923827004,3.939169915,4.055240751,4.048045227,4.064212526,4.121519676,4.221547624,4.463447422,4.620367569,4.794332149,4.894711022,4.757287501,4.885571818,4.845217173,5.033991143,5.280087861,5.370234678,5.475131802,5.553157965,5.859586785,5.928317217,5.810715602,5.894308811,5.910435228,6.010307509,6.012948445,6.002213825,5.949226443,6.073816073
South Sudan,--,--,--,--,--,--,--,--,--,--,--,--,--,--,--,--,--,--,--,--,--,--,--,--,--,--,--,--,--,--,--,--,0.0207129662,0.0215222845,0.0225524908,0.0150239685,0.0168094965
Spain,3.181392382,3.228609365,3.483862034,3.572719277,3.346947802,3.428695914,3.475070899,3.566440724,3.799488229,3.933876284,4.004611416,4.195250843,4.208744013,4.098716165,4.253714034,4.460415476,4.566484932,4.824923008,5.062619539,5.220471295,5.517524555,5.764658334,5.871176045,6.126667163,6.381829812,6.506181133,6.56584681,6.695732006,6.462115718,6.042486019,6.199530411,6.040485451,5.795416457,5.667388726,5.603657755,5.643677529,5.738094178
Sri Lanka,0.0882641665,0.0893210017,0.0916603862,0.0896941667,0.10565649,0.0948155197,0.0944245108,0.0997807188,0.099531266,0.095891477,0.106320627,0.104943242,0.105995255,0.125491464,0.137454677,0.145043703,0.147950153,0.162674895,0.168484633,0.178461982,0.197542608,0.193054705,0.195752921,0.203005246,0.210941008,0.22165883,0.221909556,0.225083147,0.224311656,0.213850183,0.243903361,0.270966838,0.279498037,0.284555071,0.304687839,0.342584161,0.361880469
Sudan,0.0574680081,0.0610838651,0.0663464667,0.0644025032,0.0601544,0.066876528,0.074399729,0.071308327,0.0771785728,0.07492782,0.068569045,0.093332518,0.087296496,0.082873243,0.076056627,0.070566095,0.0716856876,0.073644456,0.072942863,0.079329242,0.110448373,0.118045255,0.138733468,0.14380538,0.157289344,0.182084305,0.215688852,0.228867621,0.244306725,0.263367685,0.298140905,0.287874958,0.278393243,0.291527377,0.29946275,0.300676604,0.357253632
Suriname,0.0401726069,0.0356237272,0.0349871589,0.024511293,0.02383224,0.028050014,0.0262397529,0.0184365707,0.0223563644,0.0294368481,0.0344476354,0.034899743,0.0338797267,0.0355265779,0.0354930809,0.0335762699,0.0337099144,0.0342890844,0.0342173338,0.034428708,0.028828573,0.0278525957,0.0309618956,0.0277561277,0.0311032456,0.0316532552,0.0350521418,0.0325480284,0.0384784353,0.038870942,0.0473507195,0.0398602517,0.0448890633,0.0435661227,0.04530439,0.0442280977,0.038350384
Swaziland,0.00961304539,0.00908640164,0.00872064074,0.00749643765,0.00824459874,0.010765025,0.0102785595,0.0107843569,0.0117560349,0.0119872665,0.0116178101,0.0120824391,0.0125606517,0.0116081225,0.0153848833,0.014547821,0.0143937705,0.0163751282,0.0164714523,0.0165574679,0.0181757692,0.0185769311,0.0188728776,0.01659069,0.0168034495,0.0177031996,0.0172429177,0.0167389703,0.0177533513,0.0178741942,0.0181434853,0.0184066652,0.0188890543,0.018122381,0.0193461846,0.0190427759,0.0190696738
Sweden,2.080268796,2.045919692,1.887118468,1.946709653,2.035691222,2.175914628,2.205234265,2.269874755,2.231902669,2.204008841,2.225950467,2.229222518,2.268139487,2.244676866,2.269655167,2.313321821,2.281674058,2.327472426,2.409044556,2.366406919,2.274248226,2.410930437,2.289846759,2.181182021,2.335880072,2.356055154,2.251343407,2.269730808,2.232761569,2.065594449,2.220906132,2.161611582,2.223207969,2.11687729,2.114189386,2.147146402,2.169875924
Switzerland,1.138062954,1.054999859,1.032686178,1.085116076,1.056402545,1.148223077,1.159643478,1.163260568,1.18224672,1.146709221,1.161105063,1.209942456,1.223936409,1.215602426,1.236131671,1.229343127,1.203311126,1.228376114,1.253498637,1.316447751,1.286877114,1.346990629,1.273974674,1.287597739,1.279594955,1.251627482,1.275738449,1.275253794,1.307986411,1.27835509,1.30637962,1.228857327,1.275503118,1.299053545,1.242606101,1.209109723,1.184681095
Syria,0.273936521,0.289648222,0.294884608,0.334072282,0.367868135,0.384996177,0.384900937,0.431729682,0.452318808,0.482626717,0.560215944,0.519019646,0.535262952,0.592944151,0.630962084,0.606845912,0.65339352,0.695310252,0.748639385,0.770538606,0.742722702,0.734018696,0.795167252,0.772105833,0.858069003,0.968893453,1.011070615,1.042906029,1.058843083,0.99095773,1.025058038,0.928930181,0.721471868,0.547477697,0.501153865,0.452100521,0.438654003
Taiwan,1.109135749,1.066294901,1.068348537,1.213237759,1.399891816,1.448775322,1.534994007,1.648702812,1.788885206,1.891409661,2.01787033,2.071037602,2.188169292,2.330976966,2.50155215,2.701510261,2.916783063,3.023436649,3.208585385,3.351804526,3.584929556,3.692902674,3.860961786,4.052930658,4.209728963,4.284375464,4.373774759,4.580795253,4.410097771,4.343731002,4.64080978,4.605014482,4.53818023,4.564786467,4.694343798,4.678954237,4.764669176
Tajikistan,--,--,--,--,--,--,--,--,--,--,--,--,0.291598909,0.261127686,0.253475373,0.208927856,0.231202468,0.219348224,0.226675162,0.255718019,0.201870833,0.210677751,0.216959892,0.227750163,0.231726632,0.236488004,0.231863191,0.218734682,0.20979904,0.188919486,0.195416243,0.19273379,0.203305599,0.210917119,0.21578851,0.218103217,0.216692309
Tanzania,0.0392810241,0.0436796745,0.0427747816,0.0402213642,0.0424494248,0.0426660228,0.0490124576,0.0456325408,0.0478991635,0.0491060641,0.0549747782,0.05002734,0.0529975447,0.0549927578,0.0489419031,0.0486461571,0.0511976568,0.0491151248,0.0557121449,0.0584963736,0.0595525577,0.0686262403,0.0755742466,0.077061822,0.0936460695,0.0979189375,0.100759731,0.11008813,0.114127057,0.11345455,0.12975047,0.132823304,0.158857215,0.165755278,0.172108199,0.206555137,0.23434584
Thailand,0.507110535,0.544227964,0.530159323,0.566347369,0.628643768,0.682749031,0.714330682,0.796127206,0.903068367,1.062661898,1.246074173,1.362162942,1.464816219,1.676690088,1.865190001,2.10983573,2.381002325,2.548877213,2.394122794,2.445601169,2.561411797,2.712025986,3.028664426,3.311741489,3.582330653,3.684971405,3.75497186,3.87970445,3.917120983,4.07953346,4.409382784,4.520175233,4.830959883,5.085330366,5.155087681,5.228027712,5.418604501
Timor-Leste (East Timor),--,--,--,--,--,--,--,--,--,--,--,--,--,--,--,--,--,--,--,--,--,--,--,0.00277100029,0.00258307578,0.0025920684,0.00264451552,0.00273727442,0.00301669526,0.00373265968,0.00350389683,0.00363561392,0.00459826244,0.00695183398,0.00786383198,0.00757537697,0.0076987042
Togo,0.0100020801,0.0090830261,0.00929875026,0.00894369635,0.01107912,0.010527552,0.009571396,0.00868460787,0.00925843244,0.0100172857,0.0103492764,0.0168850962,0.0126648728,0.0110236621,0.010639821,0.011716063,0.0112342372,0.010981486,0.012044873,0.01680721,0.0159084078,0.0140337145,0.0160376771,0.0185787251,0.0194557703,0.0184545519,0.0158974644,0.0194830241,0.0236768022,0.0412691681,0.0395865271,0.0366437763,0.0350980035,0.0346317885,0.0373681476,0.0377204273,0.0409983221
Tonga,0.000868,0.001272,0.001186,0.001272,0.001276,0.001326,0.000782594894,0.00173545375,0.00117012292,0.00168081659,0.00168081659,0.001723046,0.00158910633,0.00158346255,0.00175547013,0.0015866907,0.00180323973,0.00188696934,0.00191861275,0.0019186458,0.00199017917,0.00169324106,0.00192028468,0.00179903905,0.0016661321,0.00177425757,0.0019957663,0.00170861039,0.00184512086,0.00200536895,0.00182278873,0.00172491292,0.00174840534,0.00169675813,0.00183402673,0.0019129044,0.00189523328
Trinidad and Tobago,0.173645,0.166645,0.16759,0.184715,0.25064,0.27372,0.205737801,0.1918456,0.197705058,0.212658113,0.225643739,0.253154778,0.24760652,0.271792931,0.311303244,0.325266724,0.35943014,0.389558669,0.387394554,0.398591892,0.439967055,0.482553908,0.516975594,0.624331317,0.582383454,0.66391507,0.847924242,0.855910666,0.914831675,0.874149335,0.956333809,0.971807476,0.931169344,1.032471459,1.01192904,0.984912049,0.893077194
Tunisia,0.129599424,0.142418221,0.135515842,0.152790414,0.16759582,0.171476978,0.18147127,0.16836121,0.181576808,0.202107313,0.200465907,0.165602875,0.191952749,0.218585655,0.236442865,0.213746589,0.229687958,0.266457947,0.286388312,0.289172698,0.303843937,0.337050396,0.333990491,0.328834619,0.335748928,0.36336786,0.343697394,0.306328671,0.354355663,0.294653383,0.303003896,0.289588363,0.3174257,0.336863988,0.370053867,0.38093851,0.382460038
Turkey,1.001691006,0.941195213,1.088414972,1.132838967,1.189570823,1.307082547,1.451899677,1.641648926,1.69301095,1.786719178,1.94089334,1.99174269,2.097164887,2.294564285,2.257541407,2.529086243,2.77836151,2.910392363,2.999830051,2.93312882,3.187898617,2.90754676,3.153453852,3.318897238,3.509517819,3.73048594,4.069054426,4.380823084,4.275331559,4.326828246,4.505366053,4.825364929,5.057691585,5.086404503,5.213613508,5.752496305,5.969057701
Turkmenistan,--,--,--,--,--,--,--,--,--,--,--,--,0.30355719,0.289556735,0.283242265,0.303125629,0.302906085,0.308983393,0.28496834,0.31972875,0.459470298,0.541104651,0.635580592,0.798665415,0.838395117,0.887688121,0.689875323,0.6609422,0.54049011,0.880595183,1.03556074,1.202445088,1.381824412,1.417674898,1.451438199,1.786051598,1.766416641
Turks and Caicos Islands,0,0,0,0,0,0,0,0,0,0,0,0,0,0,0,0.000378194073,0.000379230222,0.000378193204,0.000416016001,0.000416016001,0.0019728343,0.0010945069,0.00178908363,0.001867997,0.001954906,0.00173818,0.001998907,0.002693086,0.0029972675,0.002520361,0.00260727,0.00260727,0.00260727,0.00262899725,0.0028245425,0.0029114515,0.003054738
Tuvalu,0,0,0,0,0,0,0,0,0,0,0,0,0,0,0,0,0,0,0,0,0,0,0,0,0,0,0,0,0,0,0,0,0,0,0,0,0
U.S. Pacific Islands,0.002,0.002,0.002,0.002,0.002,0.002167152,0.001626951,0.001626951,0.00293288267,0.00408400893,0.00450833393,0.00450935393,0.00421776345,0.00388552446,0.00388552446,0.00419627392,0.00421776345,0.00419627392,0.00419627392,0.0041963064,0.00428877952,0.00428877952,0.00428877952,0.00428877952,0.00428877952,0.00428877952,0.0044769352,0.0044769352,0.00450015968,0.0044769352,0.004956992,0.0044769352,0.00450015968,0.0044769352,0.0044769352,0.0044769352,0.00425686045
U.S. Territories,0,0,0,0,0,0,0,0,0,0,0,0,0,0,0,0,0,0,0,0,0,0,0,0,0,0,0,0,0,0,0,0,0,0,0,0,0
Uganda,0.0155895381,0.0117516423,0.0130752166,0.0126529533,0.013652288,0.013827136,0.01507091,0.013727584,0.0179049012,0.0178283844,0.0194260935,0.0205952645,0.0229705187,0.0235450795,0.0247514885,0.0247619655,0.0260395747,0.0270175255,0.0289091582,0.028976266,0.0347681091,0.0359499081,0.0369885899,0.038960309,0.0407232083,0.0470236588,0.0456811967,0.0552717968,0.0566937964,0.0578254992,0.0663168401,0.0703760219,0.0678432782,0.0722093488,0.0886507067,0.0885507113,0.0951769557
Ukraine,--,--,--,--,--,--,--,--,--,--,--,--,9.324599553,8.942823577,7.573339852,7.189761566,6.45468859,6.270646086,6.047224748,6.14359259,5.960665742,5.833290267,6.013278821,6.487807632,5.912980928,5.908504263,6.146800952,6.439696038,6.306423599,4.673479528,5.167752445,5.665230423,5.171416757,4.902858423,4.39700898,3.870187991,3.889533171
United Arab Emirates,0.266935,0.436596,0.414554,0.510554,0.581654,0.796719,0.90754461,1.06888718,1.17094278,1.26824717,1.227671762,1.48782599,1.613711248,1.509681822,1.4888921,1.60472506,1.66964338,1.767974675,1.837839749,1.864119302,2.090484577,2.269889049,2.371302832,2.441749429,2.583086183,2.66615483,2.820830559,3.095096681,3.575799612,3.508892022,3.633951072,4.033850255,3.988572362,4.156671206,4.228288063,4.63342785,4.709657254
United Kingdom,8.995225054,8.556118153,8.462049226,8.487434939,8.375722041,8.727704442,8.991055687,9.04431068,9.115973666,9.140773174,9.290343276,9.592433248,9.518088731,9.65983379,9.681245122,9.708968906,10.23339183,9.82119568,9.864257953,9.89659406,9.903442809,9.977433006,9.844430054,9.899872395,9.939812569,9.909785076,9.806700908,9.45858654,9.352804565,8.818252772,9.187186038,8.616471822,8.754288837,8.728715249,8.273297248,8.349460709,8.769488138
United States,78.06731759,76.22497445,73.22366633,73.08941872,77.20175033,76.92430434,77.08146293,79.48240584,83.16102558,85.18595798,84.92615786,84.95501154,86.30394782,88.03599222,89.76233406,91.76237347,94.82731124,95.40750958,95.79486245,97.53377138,99.75222052,96.97620723,98.51894016,98.74137837,100.9681159,101.0120642,100.3709431,102.0915186,100.0131731,95.42316719,99.05044534,98.45102007,96.0726858,98.93376974,100.1514973,99.2301525,99.16161476
Uruguay,0.10969026,0.103582541,0.0985083247,0.120633095,0.117436006,0.108584377,0.114167893,0.12114006,0.119544376,0.104600811,0.134670318,0.119189952,0.137399786,0.141433176,0.139318344,0.123896526,0.129268604,0.141057476,0.177116842,0.159267123,0.164165269,0.180307832,0.160531183,0.160822466,0.154707427,0.166591465,0.151824567,0.180330224,0.189959514,0.20082783,0.207357013,0.202194209,0.203182219,0.211299283,0.215814704,0.218322399,0.225115303
Uzbekistan,--,--,--,--,--,--,--,--,--,--,--,--,1.679307321,2.089935306,1.762165939,1.862110713,1.880071265,1.877433843,1.845845699,1.852541186,1.951345936,2.031380349,2.075399066,2.114142466,2.219088196,2.084955394,2.154744214,2.122947185,2.237955178,1.996333172,1.97133417,2.156493457,2.140228106,1.967916279,2.148176843,2.014810099,1.764057936
Vanuatu,0.002,0.002,0.002,0.001,0.002,0.002,0.00164714933,0.00191082967,0.00188553991,0.00165116433,0.00165116433,0.0017610644,0.00144800316,0.00144446553,0.00144446553,0.00144446553,0.00144800316,0.00144446553,0.00144446553,0.0014445332,0.00160634762,0.00190294611,0.00177024015,0.00162535915,0.00161630054,0.00161633385,0.00142674402,0.00196718452,0.00193971622,0.00248351493,0.00258545108,0.0026308931,0.00239104157,0.0022292325,0.00282680163,0.0025028026,0.0026709273
Venezuela,1.585673478,1.723115802,1.74566476,1.683563251,1.712331951,1.741536945,1.882559726,1.920270059,1.931301748,2.0554814,2.08130785,2.212929547,2.22136308,2.295726285,2.433897115,2.473854428,2.573352294,2.663219502,2.81422648,2.645540695,2.732616681,2.996438142,2.854358953,2.629556607,2.961502294,3.005357638,3.168584016,2.992270005,3.175172036,3.110986245,3.189876902,3.176917362,3.442048725,3.255153082,3.313349724,3.098897698,2.752176731
Vietnam,0.169676408,0.18867006,0.203048676,0.205337199,0.206799051,0.208368388,0.223959242,0.255033314,0.257104832,0.259121803,0.278990157,0.30286659,0.317605494,0.33914117,0.38959369,0.458066436,0.544467553,0.604520175,0.634987974,0.705357976,0.739897294,0.850106741,0.953889093,1.020741037,1.158671805,1.286566994,1.361100057,1.482043281,1.684174781,1.803802913,1.956681707,2.153602414,2.299617036,2.374969956,2.58927963,2.834123792,3.19915582
"Virgin Islands,  U.S.",0.04,0.04,0.04,0.04,0.04,0.04,0.0425264606,0.042700868,0.0417485118,0.0415844013,0.0416397101,0.041759958,0.0417193277,0.042588784,0.0411465009,0.0409779523,0.0400189896,0.0399187491,0.0400479934,0.0413840193,0.132034808,0.191787342,0.1904391,0.223987681,0.229642104,0.224631748,0.239029486,0.223253339,0.129623509,0.112873924,0.102258683,0.067611568,0.0387368432,0.0206246772,0.042003706,0.041302261,0.0341398561
"Virgin Islands, British",0.000648,0.00102,0.001022,0.00102,0.000938,0.000966,0.000512849747,0.00132154375,0.00132495689,0.00132154375,0.00132154375,0.00132154375,0.00132495689,0.00132154375,0.00132154375,0.00132154375,0.00170947649,0.00170501275,0.00170501275,0.0017050462,0.00198546966,0.00152776537,0.00161602796,0.0017263924,0.00181465499,0.00186680039,0.00206731136,0.00221641025,0.0025304694,0.0027485081,0.00288241573,0.00299670702,0.00297910522,0.00297913272,0.00252417958,0.00253287047,0.00256691392
Wake Island,0.019,0.019,0.019,0.019,0.019,0.018,0.018957345,0.018957345,0.018643554,0.018543435,0.0178578075,0.0178578075,0.01822851,0.018129525,0.018120035,0.018533945,0.018530214,0.018691285,0.018691285,0.018691285,0.018697476,0.018697476,0.019034732,0.019034732,0.019034732,0.018878837,0.01964036,0.01964036,0.019746224,0.01964036,0.0193171708,0.01964036,0.019746224,0.01964036,0.01964036,0.01964036,0.019746224
Western Sahara,0.002,0.002,0.003,0.003,0.003,0.003,0.00269307388,0.00273802451,0.0027445444,0.00273802451,0.002950637,0.002950637,0.0029577394,0.00281915849,0.00281915849,0.00336022501,0.00337568721,0.00336022501,0.00336022501,0.0033603062,0.00364733558,0.00364733558,0.00364733558,0.00364733558,0.00364733558,0.00364733558,0.00364733558,0.00364733558,0.00364733558,0.00364733558,0.00364733558,0.00364733558,0.00365732828,0.00364733558,0.00364733558,0.00364733558,0.00365473765
Yemen,0.096,0.098,0.115,0.104,0.132,0.147,0.14051916,0.13969429,0.14372637,0.153514255,0.16057518,0.16634929,0.174367584,0.14352092,0.13591797,0.150717625,0.151614036,0.15685683,0.16974701,0.1273393,0.205394467,0.220808686,0.222743816,0.25575915,0.269638515,0.284361345,0.283937105,0.301951058,0.317135878,0.350699701,0.340613073,0.286870423,0.247739389,0.338658621,0.320392809,0.251399741,0.143787876
Zambia,0.132504703,0.133145243,0.13515762,0.134162328,0.130423343,0.128594248,0.128487597,0.119460282,0.12169301,0.104331316,0.112502487,0.107910961,0.110760682,0.106227676,0.106007385,0.10150002,0.096429338,0.104968777,0.102006262,0.0994602419,0.0996863766,0.104546577,0.107502322,0.111016435,0.113799182,0.120673143,0.124865188,0.117866276,0.121268204,0.123995426,0.129408722,0.144868822,0.155815688,0.165334016,0.177671702,0.17098923,0.155143075
Zimbabwe,0.140868538,0.141554278,0.134491976,0.139530655,0.138053313,0.147222324,0.16406837,0.185420924,0.182350078,0.197685027,0.209243552,0.213213009,0.196683567,0.189491047,0.181671186,0.179630034,0.185262259,0.182755192,0.182825733,0.211014676,0.199825763,0.187567514,0.18700857,0.180776218,0.168023464,0.174326023,0.174499777,0.171182909,0.142438797,0.141121525,0.15774734,0.171249861,0.186914031,0.189558756,0.186048343,0.183529919,0.158088819
